id;osm_id;addr_street;addr_number;grupa_parter;funkcja_parter;grupa_pietra;funkcja_pietra;liczba_kondygnacji;mieszana;rok_budowy_szac;styl_arch;stan_tech;wysokosc_max;zabytek;zrodlo;pewnosc;data_sprawdzenia;
1;127184291;Świętego Piotra;8;;Hotel;;Hotel;7;;2000;Współczesność;3;;;google.com/maps;3;27.09.2026;
2;890729731;Świętego Piotra;6D;;Mieszkaniowa Wielorodzinna;;Mieszkaniowa Wielorodzinna;5;;2020;Współczesność;3;;;google.com/maps;3;27.09.2026;
3;890292040;Węglowa;22;;Centrum Handlowe;;Mieszkaniowa Wielorodzinna;17;;2020;Współczesność;3;;;google.com/maps;3;27.09.2026;
4;890729732;Świętego Piotra;6;;Mieszkaniowa Wielorodzinna;;Mieszkaniowa Wielorodzinna;17;;2020;Współczesność;3;;;google.com/maps;3;27.09.2026;
5;136885205;Tadeusza Wendy;15;;Centrum Medyczne;;Centrum Medyczne;6;;2000;Współczesność;3;;;google.com/maps;2;27.09.2026;
6;273937994;Tadeusza Wendy;15;;Biurowa;;Biurowa;9;;2000;Współczesność;3;;;google.com/maps;2;27.09.2026;
7;398139557;Tadeusza Wendy;15;;Biurowa;;Biurowa;1;;2000;Współczesność;3;;;google.com/maps;2;27.09.2026;
8;273937986;Tadeusza Wendy;15;;Biurowa;;Biurowa;8;;2000;Współczesność;3;;;google.com/maps;2;27.09.2026;
9;126117723;Świętego Piotra;19;;Bar;;Mieszkaniowa Wielorodzinna;5;;1930;Modernizm;2;;;google.com/maps;2;27.09.2026;
10;273937982;Tadeusza Wendy;15;;Usługi_Transport;;Usługi_Transport;5;;2000;Współczesność;3;;;google.com/maps;2;27.09.2026;
11;398139480;Świętego Piotra;21;;Centrum Medyczne;;Biura;5;;1930;Modernizm;2;;;google.com/maps;2;27.09.2026;
12;273937989;Tadeusza Wendy;15;;Usługi_Transport;;Usługi_Transport;2;;2000;Współczesność;3;;;google.com/maps;2;27.09.2026;
13;127184289;Świętego Piotra;17;;Wystawowa;;Mieszkaniowa Wielorodzinna;5;;1950;Modernizm;2;;;google.com/maps;2;27.09.2026;
14;127110175;Portowa;3;;Sklep Monopolowy;;Mieszkaniowa Wielorodzinna;6;;1940;Modernizm;2;;;google.com/maps;2;27.09.2026;
15;127184288;Świętego Piotra;15;;Usługi Techniczne;;Usługi Techniczne;4;;1950;Modernizm;2;;;google.com/maps;2;27.09.2026;
16;398139521;Świętego Piotra;19;;Bar;;;1;;1930;Modernizm;2;;;google.com/maps;2;27.09.2026;
17;398139538;Świętego Piotra;19;;Bar;;;1;;1930;Modernizm;2;;;google.com/maps;2;27.09.2026;
18;127184286;Świętego Piotra;13;;Apartament Turystyczny;;Apartament Turystyczny;5;;1950;Modernizm;2;;;google.com/maps;2;27.09.2026;
19;127184285;Świętego Piotra;11;;Mieszkaniowa Wielorodzinna;;Mieszkaniowa Wielorodzinna;5;;1950;Modernizm;2;;;google.com/maps;2;27.09.2026;
20;126117726;Stefana Żeromskiego;1;;Mieszkaniowa Jednorodzinna;;Mieszkaniowa Jednorodzinna;2;;1950;Modernizm;2;;;google.com/maps;2;27.09.2026;
21;398139547;Tadeusza Wendy;15;;Usługi_Transport;;Usługi_Transport;3;;2000;Współczesność;3;;;google.com/maps;2;27.09.2026;
22;398139556;;;;Garaż;;;1;;1980;Współczesność;2;;;google.com/maps;2;27.09.2026;
23;127110164;Jerzego Waszyngtona;12;;Mieszkaniowa Wielorodzinna;;Mieszkaniowa Wielorodzinna;4;;1950;Modernizm;1;;;google.com/maps;2;27.09.2026;
24;398139514;;;;Garaż;;;1;;1980;Współczesność;2;;;google.com/maps;2;27.09.2026;
25;398139481;;;;Garaż;;;1;;1980;Współczesność;2;;;google.com/maps;2;27.09.2026;
26;127110183;Portowa;5;;Sklep Monopolowy;;Mieszkaniowa Wielorodzinna;5;;1940;Modernizm;2;;;google.com/maps;2;27.09.2026;
27;398139560;Śledziowa;;;Hurtownia;;;1;;1950;Modernizm;2;;;google.com/maps;2;27.09.2026;
28;126901816;Portowa;2;;Sakralna;;Sakralna;6;;1930;Modernizm;2;;;google.com/maps;3;27.09.2026;
29;225076509;Śledziowa;;;Portowa;;;1;;1950;Modernizm;2;;;google.com/maps;2;27.09.2026;
30;225076528;Śledziowa;;;Portowa;;;1;;1950;Modernizm;2;;;google.com/maps;2;27.09.2026;
31;244042555;Stefana Żeromskiego;3;;Mieszkaniowa Jednorodzinna;;Mieszkaniowa Jednorodzinna;2;;1950;Modernizm;2;;;google.com/maps;2;27.09.2026;
32;398139546;Stefana Żeromskiego;;;Mieszkaniowa Jednorodzinna;;;1;;1950;Modernizm;2;;;google.com/maps;2;27.09.2026;
33;957517887;Śledziowa;;;Portowa;;;1;;1950;Modernizm;2;;;google.com/maps;2;27.09.2026;
34;398139543;Śledziowa;;;Hurtownia;;;1;;1950;Modernizm;2;;;google.com/maps;2;27.09.2026;
35;398139502;;;;Garaż;;;1;;1980;Współczesność;2;;;google.com/maps;3;27.09.2026;
36;127110182;Portowa;7;;Handlowa;;Mieszkaniowa Wielorodzinna;5;;1940;Modernizm;2;;;google.com/maps;2;27.09.2026;
37;398139539;;;;Garaż;;;1;;1980;Współczesność;2;;;google.com/maps;3;27.09.2026;
38;398139518;;;;Garaż;;;1;;1930;Modernizm;2;;;google.com/maps;3;27.09.2026;
39;225076514;Śledziowa;;;Portowa;;;1;;1950;Modernizm;2;;;google.com/maps;2;27.09.2026;
40;126117721;Stefana Żeromskiego;4;;Mieszkaniowa Wielorodzinna;;Mieszkaniowa Wielorodzinna;5;;1940;Modernizm;2;;;google.com/maps;2;27.09.2026;
41;139634730;Świętego Piotra;2;;Klub Muzyczny;;;1;;1980;Współczesność;2;;;google.com/maps;2;27.09.2026;
42;398139522;;;;Garaż;;;1;;1980;Współczesność;2;;;google.com/maps;3;27.09.2026;
43;398139562;Śledziowa;;;Portowa;;;1;;1950;Modernizm;2;;;google.com/maps;2;27.09.2026;
44;126117722;Stefana Żeromskiego;4A;;Mieszkaniowa Wielorodzinna;;Mieszkaniowa Wielorodzinna;4;;1940;Modernizm;2;;;google.com/maps;2;27.09.2026;
45;127110168;Jerzego Waszyngtona;14;;Mieszkaniowa Wielorodzinna;;Mieszkaniowa Wielorodzinna;3;;1940;Modernizm;1;;;google.com/maps;1;27.09.2026;
46;398139561;Świętego Piotra;2;;Klub Muzyczny;;;1;;1980;Współczesność;2;;;google.com/maps;2;27.09.2026;
47;398139542;;;;Garaż;;;1;;1980;Współczesność;2;;;google.com/maps;3;27.09.2026;
48;398139530;;;;Garaż;;;1;;1980;Współczesność;2;;;google.com/maps;3;27.09.2026;
49;398139564;Świętego Piotra;2;;Klub Muzyczny;;;1;;1980;Współczesność;2;;;google.com/maps;2;27.09.2026;
50;126901824;Stefana Żeromskiego;5;;Mieszkaniowa Jednorodzinna;;Mieszkaniowa Jednorodzinna;2;;1980;Współczesność;2;;;google.com/maps;2;26.09.2026;
51;126901815;Portowa;4;;Centrum Medyczne;;Centrum Medyczne;5;;1930;Modernizm;2;;;google.com/maps;2;26.09.2026;
52;398139531;;;;Garaż;;;1;;1980;Współczesność;2;;;google.com/maps;2;27.09.2026;
53;398139491;;;;Garaż;;;1;;1980;Współczesność;2;;;google.com/maps;3;27.09.2026;
54;126901818;Stefana Żeromskiego;6;;Mieszkaniowa Jednorodzinna;;Mieszkaniowa Jednorodzinna;3;;1950;Modernizm;2;;;google.com/maps;2;27.09.2026;
55;127110169;Jerzego Waszyngtona;5;;Mieszkaniowa Jednorodzinna;;Mieszkaniowa Jednorodzinna;2;;1980;Współczesność;2;;;google.com/maps;2;26.09.2026;
56;398139490;Świętego Piotra;2;;Klub Muzyczny;;;1;;1980;Współczesność;2;;;google.com/maps;2;27.09.2026;
57;127110181;Portowa;9;;Klub Muzyczny;;Hotel;5;;1940;Modernizm;3;;;google.com/maps;2;27.09.2026;
58;398139535;Świętego Piotra;2;;Klub Muzyczny;;;1;;1980;Współczesność;2;;;google.com/maps;2;27.09.2026;
59;126117725;Jerzego Waszyngtona;9;;Biurowa;;Biurowa;2;;1980;Współczesność;2;;;google.com/maps;2;27.09.2026;
60;167561275;Portowa;2;Użyteczność publiczna;Sakralna;;Sakralna;2;;1970;Współczesność;3;;;google.com/maps;3;27.09.2026;
61;708191999;Stefana Żeromskiego;5;;Mieszkaniowa Wielorodzinna;;Mieszkaniowa Wielorodzinna;5;;1930;Tradycjonalizm;2;;;google.com/maps;2;27.09.2026;
62;127184282;Stefana Żeromskiego;6A;;Mieszkaniowa Wielorodzinna;;Mieszkaniowa Wielorodzinna;4;;1940;Modernizm;2;;;google.com/maps;2;27.09.2026;
63;225076534;Śledziowa;2;;Hurtownia;;;1;;1950;Modernizm;2;;;google.com/maps;2;27.09.2026;
64;398139503;;;;Garaż;;;1;;1980;Współczesność;2;;;google.com/maps;2;27.09.2026;
65;398139474;Jerzego Waszyngtona;16A;;Mieszkaniowa Jednorodzinna;;Mieszkaniowa Jednorodzinna;2;;1980;Współczesność;1;;;google.com/maps;2;27.09.2026;
66;260663426;Wendy;;;Mieszkaniowa Jednorodzinna;;;1;;1980;Współczesność;2;;;google.com/maps;2;27.09.2026;
67;127110180;Portowa;11;;Fryzjer;;Mieszkaniowa Wielorodzinna;5;;1940;Modernizm;2;;;google.com/maps;2;27.09.2026;
68;127110177;Portowa;6;;Centrum Medyczne;;Centrum Medyczne;4;;1930;Modernizm;2;;;google.com/maps;2;27.09.2026;
69;225076522;Śledziowa;;;Portowa;;;2;;1950;Modernizm;2;;;google.com/maps;2;27.09.2026;
70;126117720;Stefana Żeromskiego;8;;Mieszkaniowa Wielorodzinna;;Mieszkaniowa Wielorodzinna;5;;1950;Modernizm;2;;;google.com/maps;2;27.09.2026;
71;126117724;Jerzego Waszyngtona;16;;Mieszkaniowa Wielorodzinna;;Mieszkaniowa Wielorodzinna;10;;1980;Współczesność;3;;;google.com/maps;3;27.09.2026;
72;398139552;;;;Garaż;;;1;;1980;Współczesność;2;;;google.com/maps;3;27.09.2026;
73;398139511;;;;Garaż;;;1;;1980;Współczesność;2;;;google.com/maps;3;27.09.2026;
74;398139541;;;;Garaż;;;1;;1980;Współczesność;2;;;google.com/maps;3;27.09.2026;
75;127110176;Portowa;8;;Restauracja;;Mieszkaniowa Wielorodzinna;6;;1930;Modernizm;2;;;google.com/maps;2;27.09.2026;
76;398139520;Stefana Żeromskiego;10;;Mieszkaniowa Wielorodzinna;;Mieszkaniowa Wielorodzinna;5;;1950;Modernizm;2;;;google.com/maps;2;27.09.2026;
77;126901812;Tadeusza Wendy;13A;;Usługi Techniczne;;;1;;1980;Współczesność;2;;;google.com/maps;2;27.09.2026;
78;398139534;;;;Garaż;;;1;;1980;Współczesność;2;;;google.com/maps;3;27.09.2026;
79;1352737997;Stefana Żeromskiego;7;;Centrum Medyczne;;Mieszkaniowa Wielorodzinna;5;;2020;Współczesność;3;;;google.com/maps;3;27.09.2026;
80;398139523;;;;;;;;;;;;;;google.com/maps;;;
81;127110179;Portowa;13-15;;Policja;;Policja;7;;1940;Modernizm;3;;;google.com/maps;3;27.09.2026;
82;398139536;;;;;;;;;;;;;;google.com/maps;;;
83;225076521;Antoniego Hryniewickiego;;;Portowa;;;1;;1980;Współczesność;2;;;google.com/maps;1;27.09.2026;
84;183311589;Świętego Wojciecha;10;;Centrum Medyczne;;Mieszkaniowa Wielorodzinna;9;;2020;Współczesność;3;;;google.com/maps;3;27.09.2026;
85;127110167;Jerzego Waszyngtona;18;;Mieszkaniowa Wielorodzinna;;Mieszkaniowa Wielorodzinna;10;;1980;Współczesność;3;;;google.com/maps;3;27.09.2026;
86;126901811;Jana z Kolna;8B;;Administracyjna;;Administracyjna;8;;1980;Współczesność;2;;;google.com/maps;2;27.09.2026;
87;398139551;Jana z Kolna;8B;;Administracyjna;;Administracyjna;1;;1980;Współczesność;2;;;google.com/maps;2;27.09.2026;
88;136885200;Jana z Kolna;28;;Nieużytek;;Nieużytek;4;;1980;Współczesność;2;;;google.com/maps;2;27.09.2026;
89;398139504;Jana z Kolna;12;;Hurtownia;;;1;;1980;Współczesność;2;;;google.com/maps;2;27.09.2026;
90;398139544;Jana z Kolna;28;;Nieużytek;;Nieużytek;4;;1980;Współczesność;2;;;google.com/maps;2;27.09.2026;
91;126901826;Stefana Żeromskiego;15A;;Mieszkaniowa Wielorodzinna;;Mieszkaniowa Wielorodzinna;3;;1950;Modernizm;3;;;google.com/maps;3;27.09.2026;
92;127061409;Jana z Kolna;28;;Nieużytek;;Nieużytek;4;;1980;Współczesność;2;;;google.com/maps;2;27.09.2026;
93;355434416;Hryniewickiego;10;;Magazynowa;;;1;;1950;Modernizm;2;;;google.com/maps;2;27.09.2026;
94;1374442403;;;;Techniczne;;;1;;1980;Współczesność;2;;;google.com/maps;3;27.09.2026;
95;273938009;Jana z Kolna;12;;Hurtownia;;;1;;1980;Współczesność;2;;;google.com/maps;2;27.09.2026;
96;398139549;;;;Garaż;;;1;;1980;Współczesność;2;;;google.com/maps;3;26.09.2026;
97;273937981;Jana z Kolna;14;;Mieszkaniowa Jednorodzinna;;;1;;1980;Współczesność;2;;;google.com/maps;2;27.09.2026;
98;127110166;Jerzego Waszyngtona;20;;Mieszkaniowa Wielorodzinna;;Mieszkaniowa Wielorodzinna;10;;1980;Współczesność;3;;;google.com/maps;3;27.09.2026;
99;355434414;Hryniewickiego;10;;Magazynowa;;;2;;1950;Modernizm;2;;;google.com/maps;2;27.09.2026;
100;126901828;Jerzego Waszyngtona;22A;;Mieszkaniowa Jednorodzinna;;Mieszkaniowa Jednorodzinna;3;;1940;Tradycjonalizm;3;;;google.com/maps;2;27.09.2026;
101;126901813;Jana z Kolna;8B;;Administracyjna;;Administracyjna;6;;1980;Współczesność;2;;;google.com/maps;3;26.09.2026;
102;226061440;Portowa;;Gastronomia;Restauracja;;;1;;2000;Współczesność;2;;;google.com/maps;2;27.09.2026;
103;226833426;Jana z Kolna;28;;Nieużytek;;;1;;1980;Współczesność;1;;;google.com/maps;2;27.09.2026;
104;126901814;Jana z Kolna;8B;;Administracyjna;;Administracyjna;6;;1980;Współczesność;2;;;google.com/maps;3;26.09.2026;
105;273937991;Jana z Kolna;8B;;Administracyjna;;Administracyjna;6;;1980;Współczesność;2;;;google.com/maps;3;26.09.2026;
106;1226355010;Portowa;;;Restauracja;;;1;;1980;Współczesność;2;;;google.com/maps;3;26.09.2026;
107;273938000;Jana z Kolna;8B;;Administracyjna;;Administracyjna;6;;1980;Współczesność;2;;;google.com/maps;3;26.09.2026;
108;127061401;Jana z Kolna;12;;Hurtownia;;;1;;1980;Współczesność;2;;;google.com/maps;2;27.09.2026;
109;398139555;Jana z Kolna;4;;Lumpeks;;;1;;1940;Modernizm;2;;;google.com/maps;3;27.09.2026;
110;226061441;Jana z Kolna;6;;Hotel;;Hotel;5;;1950;Modernizm;3;;;google.com/maps;3;26.09.2026;
111;398139533;Jana z Kolna;4;;Lumpeks;;;1;;1940;Modernizm;2;;;google.com/maps;3;27.09.2026;
112;225076515;Hryniewickiego;10;;Magazynowa;;;2;;1950;Modernizm;2;;;google.com/maps;2;27.09.2026;
113;127110165;Jerzego Waszyngtona;22;;Mieszkaniowa Wielorodzinna;;Mieszkaniowa Wielorodzinna;5;;1940;Modernizm;1;;;google.com/maps;2;27.09.2026;
114;273937997;Jana z Kolna;12;;Hurtownia;;;1;;1980;Współczesność;2;;;google.com/maps;2;27.09.2026;
115;261459206;Plac Kaszubski;1;;Centrum Medyczne;;Centrum Medyczne;6;;1930;Modernizm;2;;;google.com/maps;3;25.09.2026;
116;1362917314;Hryniewickiego;10;;Magazynowa;;;2;;1950;Modernizm;2;;;google.com/maps;2;27.09.2026;
117;127061428;Plac Kaszubski - Jana z Kolna;2;;Hotel,Restauracja;;Hotl;5;;1940;Modernizm;2;;;google.com/maps;3;27.09.2026;
118;126391737;Jana z Kolna;4;;Lumpeks;;Biurowa;3;;1940;Modernizm;2;;;google.com/maps;3;27.09.2026;
119;225076533;Hryniewickiego;10;;Magazynowa;;;2;;1950;Modernizm;2;;;google.com/maps;2;27.09.2026;
120;126391748;Plac Kaszubski;3;;Cukiernia,Usługi_Medyczne;;Mieszkaniowa Wielorodzinna;6;;1930;Modernizm;2;;;google.com/maps;2;25.09.2026;
121;355434403;;;;Techniczne;;;1;;1930;Modernizm;2;;;google.com/maps;2;23.09.2026;
122;126117727;Jerzego Waszyngtona;11;;Policja;;Policja;3;;1950;Modernizm;2;;;google.com/maps;2;27.09.2026;
123;127184275;Świętego Wojciecha;7;;Handel_rowery,Usługi_reklamy;;Mieszkaniowa Wielorodzinna;5;;1950;Modernizm;3;;;google.com/maps;3;25.09.2026;
124;398139484;Jana z Kolna;28;;Nieużytek;;;1;;1980;Współczesność;2;;;google.com/maps;2;27.09.2026;
125;127110723;Jana z Kolna;34;;Handlowa;;;1;;1980;Współczesność;1;;;google.com/maps;2;27.09.2026;
126;126391746;Plac Kaszubski;5;;Usługi Medyczne;;Mieszkaniowa Wielorodzinna;5;;1930;Klasycyzm;2;;;google.com/maps;2;25.09.2026;
127;76208054;Hryniewickiego;;;Magazynowa;;Magazynowa;7;;1930;Modernizm;2;;;google.com/maps;2;23.09.2026;
128;225076523;;;;Garaż;;;1;;1980;Współczesność;2;;;google.com/maps;3;27.09.2026;
129;127184278;Plac Kaszubski;9B;;Apartament Turystyczny;;Apartament Turystyczny;3;;1940;Modernizm;2;;;google.com/maps;2;25.09.2026;
130;225076519;Hryniewickiego;;;Nieużytek;;Nieużytek;1;;1930;Modernizm;2;;;google.com/maps;2;23.09.2026;
131;76208076;Hryniewickiego;;;Nieużytek;;Nieużytek;6;;1930;Modernizm;2;;;google.com/maps;2;23.09.2026;
132;225076518;Hryniewickiego;;;Nieużytek;;Nieużytek;3;;1930;Modernizm;2;;;google.com/maps;2;23.09.2026;
133;706123163;Stefana Żeromskiego;23;;Usługi_Zdrowie,Centrum Medyczne,Żabka,Piekarnia;;Mieszkaniowa Wielorodzinna;6;;2020;Współczesność;3;;;google.com/maps;3;25.09.2026;
134;273937983;Jana z Kolna;13;;Komis_Sztuki;;;1;;1950;Modernizm;2;;;google.com/maps;3;26.09.2026;
135;126901806;Jana z Kolna;13;;Komis_Sztuki;;;1;;1950;Modernizm;2;;;google.com/maps;3;26.09.2026;
136;1362917315;Hryniewickiego;;;Magazynowa;;Magazynowa;2;;1930;Modernizm;2;;;google.com/maps;2;23.09.2026;
137;225076510;;;;Garaż;;;1;;1980;Współczesność;2;;;google.com/maps;3;27.09.2026;
138;127184280;Plac Kaszubski;7A;;Kawiarnia;;;1;;1930;Tradycjonalizm;3;;;google.com/maps;3;25.09.2026;
139;273938008;Jana z Kolna;5;;Szkoła Podstawowa;;Szkoła Podstawowa;3;;1940;Modernizm;2;;;google.com/maps;3;27.09.2026;
140;1368401481;Jana z Kolna;;;Kebab;;;1;;2000;Współczesność;2;;;google.com/maps;3;27.09.2026;
141;1165971813;Stefana Żeromskiego;10;;Usługi_Zdrowie;;Mieszkaniowa Wielorodzinna;6;;2020;Współczesność;3;;;google.com/maps;3;25.09.2026;
142;126901810;Jana z Kolna;25;;Konsultat_Kultury;;Konsultat_Kultury;2;;1950;Modernizm;3;;;google.com/maps;3;27.09.2026;
143;1226333980;Jana z Kolna;1;;Handel_Medyczne, Żabka;;Mieszkaniowa Wielorodzinna;7;;2020;Współczesność;3;;;google.com/maps;2;27.09.2026;
144;126391744;Plac Kaszubski;7;;Biurowa;;Mieszkaniowa Wielorodzinna;8;;2020;Współczesność;3;;;google.com/maps;3;25.09.2026;
145;1368401480;Jana z Kolna;;;Targ;;;1;;2000;Współczesność;2;;;google.com/maps;3;27.09.2026;
146;1368401479;Jana z Kolna;;;Handel_Ubrania;;;1;;2000;Współczesność;2;;;google.com/maps;3;27.09.2026;
147;126116416;Jana z Kolna;27;;Biurowa;;Biurowa;6;;1930;ArtDeco;2;;;google.com/maps;2;27.09.2026;
148;261459290;Jana z Kolna;27;;Biurowa;;Biurowa;5;;1930;ArtDeco;2;;;google.com/maps;2;27.09.2026;
149;261459286;Jana z Kolna;27;;Biurowa;;Biurowa;5;;1930;ArtDeco;2;;;google.com/maps;2;27.09.2026;
150;261459291;Jana z Kolna;27;;Biurowa;;Biurowa;5;;1930;ArtDeco;2;;;google.com/maps;2;27.09.2026;
151;225076527;Hryniewickiego;1;;Magazynowa;;;1;;2000;Współczesność;3;;;google.com/maps;1;27.09.2026;
152;1226354993;Stefana Żeromskiego;23;;Usługi_Zdrowie,Centrum Medyczne,Żabka,Piekarnia;;;1;;2020;Współczesność;3;;;google.com/maps;3;25.09.2026;
153;225076513;Hryniewickiego;10;;Biurowa;;Biurowa;2;;1980;Współczesnosc;2;;;google.com/maps;2;27.09.2026;
154;355434411;;;;Techniczne;;;1;;1980;Współczesnosc;2;;;google.com/maps;2;25.09.2026;
155;1389003031;Jana z Kolna;;;Kiosk;;;1;;2000;Współczesność;2;;;google.com/maps;3;27.09.2026;
156;261459220;;;;Techniczne;;;1;;1980;Współczesnosc;2;;;google.com/maps;3;27.09.2026;
157;225076511;Hryniewickiego;23;;Biurowa;;Biurowa;2;;1980;Współczesnosc;2;;;google.com/maps;2;27.09.2026;
158;261459288;;;;Garaż;;;1;;1980;Współczesność;2;;;google.com/maps;1;27.09.2026;
159;126897579;Jana z Kolna;29;;Przedszkole;;Przedszkole;2;;1950;Modernizm;2;;;google.com/maps;3;27.09.2026;
160;225149794;Plac Kaszubski;1A;;Nieużytek;;Nieużytek;2;;1098;Wspóółczesność ;2;;;google.com/maps;3;25.09.2026;
161;228651434;Janka Wiśniewskiego;3;;Warsztat_Samochodowy;;;1;;1980;Współczesność;2;;;google.com/maps;2;27.09.2026;
162;355434399;Hryniewickiego;10;;Magazynowa;;Magazynowa;1;;1980;Współczesność;2;;;google.com/maps;1;27.09.2026;
163;261459245;;;;Garaż;;;1;;1980;Współczsnośc;2;;;google.com/maps;3;25.09.2026;
164;261459226;;;;Garaż;;;1;;1980;Współczsnośc;2;;;google.com/maps;3;25.09.2026;
165;261459263;;;;Garaż;;;1;;1980;Współczsnośc;1;;;google.com/maps;3;25.09.2026;
166;228651433;Janka Wiśniewskiego;3;;Warsztat_Samochodowy;;;1;;1980;Współczesność;2;;;google.com/maps;2;27.09.2026;
167;225076536;Hryniewickiego;10;;Biurowa;;Biurowa;4;;1980;Współczesność;2;;;google.com/maps;2;27.09.2026;
168;126117718;Plac Kaszubski;11;;Restauracja;;Mieszkaniowa Wielorodzinna;7;;1930;Modernizm;2;;;google.com/maps;3;25.09.2026;
169;261459218;Wójta Radtkego;38;;Targ;;;1;;1930;Modernizm;2;;;google.com/maps;3;27.09.2026;
170;225076517;Hryniewickiego;7;;Biurowa;;;1;;1980;Współczesność;2;;;google.com/maps;3;27.09.2026;
171;126116409;Władysława IV;2;;magazynowa;;Urząd Skarbowy;5;;1980;Współczesność;3;;;google.com/maps;3;27.09.2026;
172;355434408;Hryniewickiego;10;;Biurowa;;Biurowa;4;;1980;Współczesność;2;;;google.com/maps;3;27.09.2026;
173;355434410;Hryniewickiego;20;;Magazynowa;;;1;;1980;Współczesność;2;;;google.com/maps;2;27.09.2026;
174;126895119;Jana z Kolna;5;;Szkoła Podstawowa;;Szkoła Podstawowa;3;;1940;Modernizm;2;;;google.com/maps;3;27.09.2026;
175;225076526;Hryniewickiego;20;;Magazynowa;;;1;;1980;Współczesność;2;;;google.com/maps;2;27.09.2026;
176;261459233;;;;Garaż;;;1;;1980;Współczesność;2;;;google.com/maps;3;25.09.2026;
177;228651437;Janka Wiśniewskiego;3;;Warsztat_Samochodowy;;;1;;1980;Współczesność;2;;;google.com/maps;2;27.09.2026;
178;126116410;Władysława IV;1;;Mieszkaniowa Wielorodzinna;;Mieszkaniowa Wielorodzinna;11;;1950;Modernizm;2;;;google.com/maps;2;27.09.2026;
179;273937996;Jana z Kolna;5;;Szkoła Podstawowa;;Szkoła Podstawowa;3;;1940;Modernizm;2;;;google.com/maps;3;27.09.2026;
180;225076529;Hryniewickiego;10;;Biurowa;;Biurowa;2;;1980;Współczesność;2;;;google.com/maps;1;27.09.2026;
181;126116417;Plac Kaszubski;8;;Apteka,Bank;;Mieszkaniowa Wielorodzinna;7;;1940;Modernizm;2;;;google.com/maps;2;27.09.2026;
182;126116414;Wójta Radtkego;28;;Mieszkaniowa Wielorodzinna;;Mieszkaniowa Wielorodzinna;10;;1950;Modernizm;2;;;google.com/maps;2;27.09.2026;
183;126116415;Wójta Radtkego;24;;Mieszkaniowa Wielorodzinna;;Mieszkaniowa Wielorodzinna;9;;1950;Modernizm;2;;;google.com/maps;2;27.09.2026;
184;261459252;;;;Techniczna;;;1;;1980;Współczesność;2;;;google.com/maps;1;25.09.2026;
185;261459259;;;;Techniczna;;;1;;1980;Współczesność;2;;;google.com/maps;1;25.09.2026;
186;126391743;Plac Kaszubski;13;;Usługi_Medyczne,Handel_Ubrania;;Mieszkaniowa Wielorodzinna;6;;1930;Modernizm;2;;;google.com/maps;2;25.09.2026;
187;1258413691;Jana z Kolna;57;;Sąd;;Sąd;4;;1930;Modernizm;3;;;google.com/maps;3;27.09.2026;
188;261459235;Wójta Radtkego;38;;Targ;;;1;;1930;Modernizm;2;;;google.com/maps;3;27.09.2026;
189;126116413;Wójta Radtkego;32;;Rehabilitacja;;Mieszkaniowa Wielorodzinna;10;;1950;Modernizm;2;;;google.com/maps;2;27.09.2026;
190;126116397;Jana z Kolna;55;;Sąd;;Sąd;5;;1930;Modernizm;3;;;google.com/maps;3;27.09.2026;
191;1162261246;Wójta Radtkego;36;;Targ;;;2;;1930;Modernizm;3;;;google.com/maps;3;27.09.2026;
192;225076535;Hryniewickiego;10;;Biurowa;;Biurowa;4;;1980;Współczesność;2;;;google.com/maps;3;27.09.2026;
193;126117729;Stefana Żeromskiego;18;;Usługi_Techniczne;;Usługi_Techniczne;2;;1950;Modernizm;2;;;google.com/maps;2;25.09.2026;
194;355434404;Hryniewickiego;10;;Biurowa;;Biurowa;1;;1980;Współczesność;2;;;google.com/maps;3;27.09.2026;
195;126901831;Stefana Żeromskiego;25;;Mieszkaniowa Jednorodzinna;;Mieszkaniowa Jednorodzinna;3;;1930;Traycjonalizm;2;;;google.com/maps;2;25.09.2026;
196;225076531;;;;Garaż;;;1;;1980;Wspóczesność;2;;;google.com/maps;3;27.09.2026;
197;139635202;Wójta Radtkego;36;;Targ;;;1;;1930;Modernizm;2;;;google.com/maps;3;27.09.2026;
198;261459196;;;;Garaż;;;1;;1980;Współczesność;2;;;google.com/maps;1;25.09.2026;
199;261459219;;;;Garaż;;;1;;1980;Współczesność;1;;;google.com/maps;3;25.09.2026;
200;261459280;Plac Kaszubski;15;;Pustka;;Mieszkaniowa Wielorodzinna;5;;1930;Modernizm;2;;;google.com/maps;3;25.09.2026;
201;225076512;;;;Garaż;;;1;;1980;Wspóczesność;2;;;google.com/maps;3;27.09.2026;
202;126116396;Jana z Kolna;57;;Sąd;;Sąd;4;;1930;Modernizm;3;;;google.com/maps;3;27.09.2026;
203;261459197;Wójta Radtkego;36;;Targ;;;1;;1930;Modernizm;3;;;google.com/maps;3;27.09.2026;
204;126117716;Jerzego Waszyngtona;28;;Mieszkaniowa Jednorodzinna;;Mieszkaniowa Jednorodzinna;2;;1930;Tradycjonalizm;2;;;google.com/maps;2;25.09.2026;
205;126116408;Wójta Radtkego;22;;Mieszkaniowa Wielorodzinna;;Mieszkaniowa Wielorodzinna;9;;1950;Modernizm;2;;;google.com/maps;2;25.09.2026;
206;126391741;Plac Kaszubski;15;;Sklep Spożywczy;;Mieszkaniowa Wielorodzinna;7;;1930;Modernizm;2;;;google.com/maps;3;25.09.2026;
207;225076525;Arkadiusza Rybickiego;8;;Usługi_Transport;;Usługi_Transport;2;;1980;Współczesność;2;;;google.com/maps;2;27.09.2026;
208;126116399;Wójta Radtkego;30;;Stomatolog;;Mieszkaniowa Wielorodzinna;10;;1950;Modernizm;2;;;google.com/maps;2;27.09.2026;
209;126116404;Wójta Radtkego;26;;Usługowa;;Mieszkaniowa Wielorodzinna;10;;1950;Modernizm;2;;;google.com/maps;2;27.09.2026;
210;1363465557;Plac Konstytucji;2;;Nieużytek ;;;1;;1950;Modernizm;1;;;google.com/maps;3;27.09.2026;
211;261459195;Wójta Radtkego;37;;Targ;;;1;;1930;Modernizm;2;;;google.com/maps;3;27.09.2026;
212;171756618;Wójta Radtkego;38;;Targ;;;1;;1930;Modernizm;2;;;google.com/maps;3;27.09.2026;
213;126116398;Wójta Radtkego;34;;Notariusz;;Mieszkaniowa Wielorodzinna;10;;1950;Modernizm;2;;;google.com/maps;2;27.09.2026;
214;707483055;Arkadiusza Rybickiego;6;;Portowa;;;1;;1980;Współczesność;2;;;google.com/maps;2;27.09.2026;
215;1223746519;;;;Nieużytek;;;1;;1950;Modernizm;1;;;google.com/maps;2;27.09.2026;
216;291155665;;;;Techniczna;;;1;;1980;Współczesność;2;;;google.com/maps;2;27.09.2026;
217;126897565;Plac Konstytucji;5;Użyteczność publiczna;Sąd;;Sąd;5;;1930;Modernizm;3;;;google.com/maps;3;27.09.2026;
218;261459238;Wójta Radtkego;38;;Targ;;;1;;1980;Współczesność;2;;;google.com/maps;3;27.09.2026;
219;126117717;Stefana Żeromskiego;31;;Szkoła Policealna,Administracja;;Szkoła Policealna,Administracja;3;;1940;Modernizm;3;;;google.com/maps;2;25.09.2026;
220;708123343;Arkadiusza Rybickiego;4B;;Nieużytek;;Mieszkaniowa Wielorodzinna;5;;2020;Współczesność;3;;;google.com/maps;2;27.09.2026;
221;708123342;Arkadiusza Rybickiego;4A;;Restauracja,Nieużytek;;Mieszkaniowa Wielorodzinna;5;;2020;Współczesność;3;;;google.com/maps;2;27.09.2026;
222;707483056;Arkadiusza Rybickiego;36;;Portowa;;;1;;1980;Współczesność;2;;;google.com/maps;2;27.09.2026;
223;168042142;Plac Konstytucji;1;;Informacja_Autobusowa;;;1;;1980;Współczesność;2;;;google.com/maps;2;27.09.2026;
224;126897563;Wójta Radtkego;42;;Restauracja;;Mieszkaniowa Wielorodzinna;5;;1940;Modernizm;2;;;google.com/maps;2;27.09.2026;
225;708123341;Arkadiusza Rybickiego;4;;Dentysta,Fryzjer;;Mieszkaniowa Wielorodzinna;5;;2020;Współczesność;3;;;google.com/maps;2;27.09.2026;
226;555952485;Wójta Radtkego;1;;Szpital;;Szpital;10;;1990;Współczesność;3;;;google.com/maps;2;23.09.2026;
227;126117731;Stefana Żeromskiego;26;;Hostel;;Hostel;5;;1930;Modernizm;2;;;google.com/maps;3;25.09.2026;
228;126897564;Wójta Radtkego;44;;Handlowa;;Mieszkaniowa Wielorodzinna;5;;1940;Modernizm;2;;;google.com/maps;2;27.09.2026;
229;708123340;Arkadiusza Rybickiego;2B;;Dentysta,Nieużytek;;Mieszkaniowa Wielorodzinna;5;;2020;Współczesność;3;;;google.com/maps;2;27.09.2026;
230;261459201;Wójta Radtkego;1;;Szpital;;Szpital;7;;1990;Współczesność;3;;;google.com/maps;2;23.09.2026;
231;708123339;Arkadiusza Rybickiego;2A;;Restauracja;;Mieszkaniowa Wielorodzinna;5;;2020;Współczesność;3;;;google.com/maps;2;27.09.2026;
232;127268556;Plac Konstytucji;2;;Nieużytek ;;;9;;1950;Modernizm;1;;;google.com/maps;3;27.09.2026;
233;1226333963;Władysława IV;7;;Biblioteka;;Mieszkaniowa Wielorodzinna;8;;1950;Modernizm;3;;;google.com/maps;2;27.09.2026;
234;126117730;Plac Kaszubski;17;;Sklep Wielobranżowy,Bank,Usługi_Zdrowie;;Mieszkaniowa Wielorodzinna;11;;2000;Współczesność;3;;;google.com/maps;2;25.09.2026;
235;890296123;Wójta Radtkego;1;;Szpital;;Szpital;4;;2010;Współczesność;3;;;google.com/maps;2;23.09.2026;
236;708123338;Arkadiusza Rybickiego;2;;Sklep Monopolowy;;Mieszkaniowa Wielorodzinna;5;;2020;Współczesność;3;;;google.com/maps;2;27.09.2026;
237;261459249;Wójta Radtkego;12;;Straż Pożarna;;Straż Pożarna;5;;1950;Art. Deco;3;;;google.com/maps;3;27.09.2026;
238;244042557;Hieronima Derdowskiego;4;;Mieszkaniowa Wielorodzinna;;Mieszkaniowa Wielorodzinna;5;;1940;Modernizm;2;;;google.com/maps;2;25.09.2026;
239;261459208;Wójta Radtkego;12;;Straż Pożarna;;Straż Pożarna;5;;1950;Art. Deco;3;;;google.com/maps;3;27.09.2026;
240;244042551;Hieronima Derdowskiego;2;;Mieszkaniowa Wielorodzinna;;Mieszkaniowa Wielorodzinna;6;;1930;Modernizm;1;;;google.com/maps;2;25.09.2026;
241;261459258;Wójta Radtkego;12;;Straż Pożarna;;Straż Pożarna;5;;1950;Art. Deco;3;;;google.com/maps;3;27.09.2026;
242;261459214;;;;Pustka;;Kładka;1;;1940;Modernizm;2;;;google.com/maps;3;25.09.2026;
243;261459224;Wójta Radtkego;12;;Straż Pożarna;;Straż Pożarna;5;;1950;Art. Deco;3;;;google.com/maps;3;27.09.2026;
244;261459187;Wójta Radtkego;25;;Biuro Obsługi Klienta zkm;;;1;;2000;Nowożytność;3;;;google.com/maps;3;27.09.2026;
245;126897568;Wójta Radtkego;29;;Cukiernia;;Mieszkaniowa Wielorodzinna;8;;1950;Modernizm;2;;;google.com/maps;3;27.09.2026;
246;126897569;Wójta Radtkego;31;;Zegarmistrz,Handlowa_Epapierosy;;Mieszkaniowa Wielorodzinna;7;;1950;Modernizm;3;;;google.com/maps;2;27.09.2026;
247;126897570;Wójta Radtkego;33;;Handlowa_Sprzęt,Handlowa_Zdrowie;;Mieszkaniowa Wielorodzinna;7;;1950;Modernizm;3;;;google.com/maps;2;27.09.2026;
248;126117745;Wójta Radtkego;23;;Żłobek;;Żłobek;2;;2000;Nowożytność;3;;;google.com/maps;3;27.09.2026;
249;126897571;Wójta Radtkego;35;;Nieużytek;;Mieszkaniowa Wielorodzinna;7;;1950;Modernizm;3;;;google.com/maps;2;27.09.2026;
250;261459210;;;;Garaż;;;1;;1980;Wspóczesność;2;;;google.com/maps;3;27.09.2026;
251;261459205;Plac Kaszubski;10;;Szpital;;Szpital;4;;1930;Klasycyzm;3;;;google.com/maps;2;23.09.2026;
252;126897572;Wójta Radtkego;43;;Restauracja;;Mieszkaniowa Wielorodzinna;5;;1950;Modernizm;3;;;google.com/maps;2;27.09.2026;
253;126897573;Wójta Radtkego;45;;Sklep Spożywczy;;Mieszkaniowa Wielorodzinna;6;;1930;Modernizm;3;;;google.com/maps;2;27.09.2026;
254;261459203;Wójta Radtkego;1;;Szpital;;Szpital;5;;1990;Nowożytność;3;;;google.com/maps;2;23.09.2026;
255;261459237;;;;Garaż;;;1;;1980;Wspóczesność;2;;;google.com/maps;3;25.09.2026;
256;261459234;;;;Garaż;;;1;;1980;Wspóczesność;2;;;google.com/maps;3;27.09.2026;
257;226567211;Antoniego Hryniewickiego;6;;Centrum_Medyczne;;Usługowa;4;;2000;Współczesność;3;;;google.com/maps;2;27.09.2026;
258;261459204;3 Maja;9;;Administracja;;Mieszkaniowa Wielorodzinna;6;;1950;Modernizm;2;;;google.com/maps;2;27.09.2026;
259;126116393;Wójta Radtkego;47;;Lombard;;Mieszkaniowa Wielorodzinna;6;;1930;Modernizm;3;;;google.com/maps;2;27.09.2026;
260;261459222;;;;Garaż;;;1;;1980;Współczesność;2;;;google.com/maps;3;25.09.2026;
261;126897567;Wójta Radtkego;47A;;Żabka;;Usługowa;2;;2000;Postmodernizm;2;;;google.com/maps;3;27.09.2026;
262;126897566;Wójta Radtkego;51;;Apteka;;Mieszkaniowa Wielorodzinna;6;;1940;Modernizm;2;;;google.com/maps;2;27.09.2026;
263;126116412;Władysława IV;12;;Straż Pożarna;;Straż Pożarna;5;;1950;Art. Deco;3;;;google.com/maps;3;25.09.2026;
264;261459217;;;;Garaż;;;1;;1980;Współczesność;2;;;google.com/maps;3;25.09.2026;
265;126117744;3 Maja;12;;Handlowa_Sprzęt;;Mieszkaniowa Wielorodzinna;8;;1950;Modernizm;2;;;google.com/maps;2;27.09.2026;
266;261459284;;;;Garaż;;;1;;1980;Współczesność;2;;;google.com/maps;3;27.09.2026;
267;126117749;Wójta Radtkego;9A;;Mieszkaniowa Wielorodzinna;;Mieszkaniowa Wielorodzinna;5;;1950;Modernizm;2;;;google.com/maps;2;25.09.2026;
268;241327983;Wójta Radtkego;10;;Mieszkaniowa Jednorodzinna;;Mieszkaniowa Jednorodzinna;2;;1930;Tradycjonalizm;2;;;google.com/maps;2;25.09.2026;
269;1226628689;;;;Garaż;;;1;;1980;Współczesność;2;;;google.com/maps;3;27.09.2026;
270;126116395;Wójta Radtkego;53;;Bank;;Mieszkaniowa Wielorodzinna;5;;1920;Klasycyzm;2;;;google.com/maps;3;25.09.2026;
271;76208008;Antoniego Hryniewickiego;6;;Dentysta,Dermatolog,Restauracja;;Mieszkaniowa Wielorodzinna;5;;2000;Współczesność;3;;;google.com/maps;2;27.09.2026;
272;126901802;Wójta Radtkego;7A;;Mieszkaniowa Wielorodzinna;;Mieszkaniowa Wielorodzinna;3;;1980;Współczesność;2;;;google.com/maps;2;25.09.2026;
273;126117715;Hieronima Derdowskiego;5;;Żabka;;Mieszkaniowa Wielorodzinna;7;;1990;Nowożytność;3;;;google.com/maps;2;25.09.2026;
274;261450885;Wójta Radtkego;53;;Bank;;Bank;2;;1920;Klasycyzm;2;;;google.com/maps;3;25.09.2026;
275;126117747;Władysława IV;7;;Biblioteka;;Mieszkaniowa Wielorodzinna;8;;1950;Modernizm;3;;;google.com/maps;2;27.09.2026;
276;1226628695;Starowiejska;2;;Szpital;;;1;;1930;Klasycyzm;3;;;google.com/maps;2;23.09.2026;
277;261450894;3 Maja;14;;Centrum Handlowe;;;1;;1950;Modernizm;3;;;google.com/maps;2;27.09.2026;
278;127110709;Jerzego Waszyngtona;34/36;;Biurowa;;Biurowa;6;;1950;Modernizm;3;;;google.com/maps;3;25.09.2026;
279;126341140;Wójta Radtkego;1;;Kaplica;;;1;;1930;Klasycyzm;3;;;google.com/maps;2;23.09.2026;
280;261450917;;;;Garaż;;;1;;2000;Współczesność;2;;;google.com/maps;3;27.09.2026;
281;1228008637;Jerzego Waszyngtona;15;;Żabka;;Mieszkaniowa Wielorodzinna;6;;2020;Współczesność;3;;;google.com/maps;2;27.09.2026;
282;261459188;Władysława IV;11;;Handlowa_Meble;;Mieszkaniowa Wielorodzinna;5;;1950;Modernizm;2;;;google.com/maps;2;27.09.2026;
283;126452267;Hieronima Derdowskiego;7;;Biurowa;;Biurowa;8;;1930;Modernizm;2;;;google.com/maps;2;27.09.2026;
284;1228008636;Jerzego Waszyngtona;13A;;Usługowa;;Biurowa;5;;2020;Współczesność;3;;;google.com/maps;2;27.09.2026;
285;127110711;Hieronima Derdowskiego;9;;Fundacja;;Mieszkaniowa Wielorodzinna;6;;1940;Modernizm;2;;;google.com/maps;2;27.09.2026;
286;126341139;Hieronima Derdowskiego;11;;Restauracja;;Mieszkaniowa Wielorodzinna;6;;1940;Modernizm;2;;;google.com/maps;2;27.09.2026;
287;261450932;3 Maja;14;;Centrum Handlowe;;;1;;1950;Modernizm;3;;;google.com/maps;2;27.09.2026;
288;126606386;3 Maja;14;;Centrum Handlowe;;Mieszkaniowa Wielorodzinna;4;;1950;Modernizm;3;;;google.com/maps;2;27.09.2026;
289;1165461525;;;;Techniczne;;;1;;2000;Współczesność;2;;;google.com/maps;2;23.09.2026;
290;261450919;Dworcowa;1;;Kiosk;;;1;;2000;Współczesność;2;;;google.com/maps;3;27.09.2026;
291;261450909;Plac Konstytucji;;;Dworzec_Kolejowy;;;1;;1950;Modernizm;3;;;google.com/maps;3;27.09.2026;
292;261450896;;;;Techniczna;;;1;;1980;Współczesność;2;;;google.com/maps;3;27.09.2026;
293;261450898;;;;Techniczna;;;1;;2000;Współczesność;2;;;google.com/maps;3;27.09.2026;
294;261450895;Wójta Radtkego;49;;Serwis Rowerowy;;;1;;2000;Współczesność;2;;;google.com/maps;2;27.09.2026;
295;126606382;3 Maja;14A;;Mieszkaniowa Wielorodzinna;;Mieszkaniowa Wielorodzinna;6;;1950;Modernizm;2;;;google.com/maps;2;27.09.2026;
296;261450888;;;;Garaż;;;1;;2000;Współczesność;2;;;google.com/maps;3;27.09.2026;
297;168043153;;;;Garaż;;;1;;2000;Współczesność;2;;;google.com/maps;3;27.09.2026;
298;261450923;Plac Konstytucji;;;Dworzec_Kolejowy;;;3;;1950;Modernizm;2;;;google.com/maps;2;27.09.2026;
299;227114783;Wójta Radtkego;;;Mieszkaniowa Wielorodzinna;;Mieszkaniowa Wielorodzinna;2;;2000;Współczesność;2;;;google.com/maps;2;27.09.2026;
300;168043150;;;;Garaż;;;1;;2000;Współczesność;2;;;google.com/maps;3;27.09.2026;
301;126116411;Władysława IV;11A;;Kawiarnia;;Mieszkaniowa Wielorodzinna;5;;1950;Modernizm;2;;;google.com/maps;2;27.09.2026;
302;890296121;Starowiejska;;;Kiosk;;;2;;1980;Współczesność;2;;;google.com/maps;2;23.09.2026;
303;261450905;;;;Garaż;;;1;;2000;Współczesność;2;;;google.com/maps;3;27.09.2026;
304;261450899;;;;Garaż;;;1;;2000;Współczesność;2;;;google.com/maps;3;27.09.2026;
305;261450916;;;;Garaż;;;1;;1980;Współczesność;2;;;google.com/maps;3;27.09.2026;
306;261450887;;;;Garaż;;;1;;1980;Współczesność;2;;;google.com/maps;3;27.09.2026;
307;261459241;;;;Garaż;;;1;;1980;Współczesność;2;;;google.com/maps;3;27.09.2026;
308;261459251;;;;Garaż;;;1;;1980;Współczesność;2;;;google.com/maps;3;27.09.2026;
309;126879282;Starowiejska;8;;Restauracja;;Mieszkaniowa Wielorodzinna;3;;1930;Klasycyzm;2;;;google.com/maps;2;23.09.2026;
310;261450911;;;;Usługi_Szkolenia;;;1;;1980;Współczesność;2;;;google.com/maps;2;27.09.2026;
311;168043152;;;;Garaż;;;1;;1980;Współczesność;2;;;google.com/maps;3;27.09.2026;
312;261459243;;;;Garaż;;;1;;1980;Współczesność;2;;;google.com/maps;3;27.09.2026;
313;261450926;3 Maja;14;;Usługi_Szkolenia;;;1;;1980;Współczesność;2;;;google.com/maps;2;27.09.2026;
314;261459213;Starowiejska;8;;Bar;;;1;;1980;Współczesność;2;;;google.com/maps;2;23.09.2029;
315;261459215;;;;Garaż;;;1;;1980;Współczesność;2;;;google.com/maps;3;27.09.2026;
316;261450930;;;;Garaż;;;1;;1980;Współczesność;2;;;google.com/maps;3;27.09.2026;
317;126117714;Stefana Żeromskiego;28;;Biurowa;;Biurowa;7;;1930;Modernizm;3;;;google.com/maps;3;27.09.2026;
318;667865525;Starowiejska;20;;Bar;;;1;;1980;Współczesność;2;;;google.com/maps;2;23.09.2026;
319;171756620;Plac Konstytucji;3;;Piekarnia,Sklep_Wielobranżowy,Usługowa_Krawiec;;;1;;1980;Współczesność;2;;;google.com/maps;3;23.09.2026;
320;126117713;Świętojańska;1;;Administracyjna;;Mieszkaniowa Wielorodzinna;6;;1930;Modernizm;2;;;google.com/maps;3;27.09.2026;
321;168043149;;;;Garaż;;;1;;1980;Współczesność;2;;;google.com/maps;3;27.09.2026;
322;273937993;;;;Garaż;;;1;;1980;Współczesność;2;;;google.com/maps;2;25.09.2026;
323;261459193;;;;Garaż;;;1;;1980;Współczesność;2;;;google.com/maps;3;27.09.2026;
324;261450902;;;;Garaż;;;1;;1980;Współczesność;2;;;google.com/maps;3;27.09.2026;
325;261459262;;;;Garaż;;;1;;1980;Współczesność;2;;;google.com/maps;3;27.09.2026;
326;261450931;;;;Garaż;;;1;;1980;Współczesność;2;;;google.com/maps;3;27.09.2026;
327;1422428137;Plac Konstytucji;;;Dworzec_Kolejowy;;;1;;1950;Modernizm;2;;;google.com/maps;3;27.09.2026;
328;126879284;Starowiejska;10;;Stokrotka, Drogeria, Usługowa;;;6;;1940;Modernizm;2;;;google.com/maps;2;23.09.2026;
329;168043151;Wójta Radtkego;49;;Serwis Rowerowy;;;1;;1980;Współczesność;2;;;google.com/maps;2;27.09.2026;
330;261450913;;;;Techniczna;;;1;;1980;Współczesność;2;;;google.com/maps;1;27.09.2026;
331;261459260;Starowiejska;30;;Restauracja;;;2;;1900;Wiejski;3;;;google.com/maps;3;27.09.2026;
332;126879285;Starowiejska;14;;Restauracja, Delikatesy;;Mieszkaniowa Wielorodzinna;6;;1950;Modernizm;2;;;google.com/maps;2;23.09.2026;
333;261450929;;;;Garaż;;;1;;1980;Współczesność;2;;;google.com/maps;3;27.09.2026;
334;261450924;;;;Garaż;;;1;;1980;Współczesność;2;;;google.com/maps;3;27.09.2026;
335;261459191;Starowiejska;40G;;Restauracja;;Restauracja;2;;2000;Nowożytność;3;;;google.com/maps;3;27.09.2026;
336;126879271;Starowiejska;28;;Restauracja;;Mieszkaniowa Wielorodzinna;5;;1950;Modernizm;2;;;google.com/maps;2;27.09.2026;
337;126606385;3 Maja;16;;Usługowa_Pralnia,Handlowa_Księgarnia;;Mieszkaniowa Wielorodzinna;5;;1950;Modernizm;2;;;google.com/maps;2;27.09.2026;
338;261450914;Plac Konstytucji;;;Dworzec_Kolejowy;;;1;;1950;Modernizm;3;;;google.com/maps;3;27.09.2026;
339;261459190;Starowiejska;30;;Restauracja;;Restauracja;2;;1900;Wiejski;3;;;google.com/maps;3;27.09.2026;
340;126879286;Starowiejska;16;;Piekarnia,Lombard,Bar;;Mieszkaniowa Wielorodzinna;6;;1930;Klasycyzm;2;;;google.com/maps;2;23.09.2026;
341;126898883;Starowiejska;20;;Ubezpieczenia;;;1;;1980;Współczesność;2;;;google.com/maps;2;27.09.2026;
342;261459255;;;;Garaż;;;1;;1980;Współczesność;2;;;google.com/maps;3;27.09.2026;
343;125910013;Stefana Żeromskiego;35;;Mieszkaniowa Wielorodzinna;;Mieszkaniowa Wielorodzinna;7;;1990;Nowożytność;3;;;google.com/maps;2;25.09.2026;
344;126879270;Starowiejska;26;;Restauracja,Adwokat, Handel_Komputery;;Mieszkaniowa Wielorodzinna;5;;1950;Modernizm;2;;;google.com/maps;2;27.09.2026;
345;126879274;Starowiejska;34;;Apteka;;Mieszkaniowa Wielorodzinna;5;;1950;Modernizm;1;;;google.com/maps;2;27.09.2026;
346;126606380;Starowiejska;40E;;Usługowa_Telko;;Usługowa_Telko;2;;1980;Współczesność;3;;;google.com/maps;3;27.09.2026;
347;126879267;Starowiejska;22;;Handel_Odzierz,Manicure;;Mieszkaniowa Wielorodzinna;6;;1950;Modernizm;2;;;google.com/maps;2;27.09.2026;
348;126879268;Starowiejska;24;;Handel_Papierniczy;;Mieszkaniowa Wielorodzinna;6;;1950;Modernizm;2;;;google.com/maps;2;27.09.2026;
349;126879269;Starowiejska;24A;;Piekarnia;;Mieszkaniowa Wielorodzinna;5;;1950;Modernizm;2;;;google.com/maps;2;27.09.2026;
350;261450893;;;;Garaż;;;1;;1980;Współczesność;2;;;google.com/maps;2;27.09.2026;
351;261459230;;;;Garaż;;;1;;1980;Współczesność;2;;;google.com/maps;3;27.09.2026;
352;126452265;Stefana Żeromskiego;28;;Biurowa;;Biurowa;7;;1930;Modernizm;3;;;google.com/maps;2;27.09.2026;
353;261450897;Starowiejska;54;;Restauracja;;;1;;1950;Modernizm;2;;;google.com/maps;2;27.09.2026;
354;261459202;Starowiejska;38;;Handlowa_Ubrania;;Mieszkaniowa Wielorodzinna;7;;1950;Modernizm;3;;;google.com/maps;2;27.09.2026;
355;273938006;Jerzego Waszyngtona;38;;Nieużytek;;Nieużytek;3;;1920;Klasycyzm;3;;;google.com/maps;2;25.09.2026;
356;126391712;Świętojańska;3;;Piekarnia;;Mieszkaniowa Wielorodzinna;5;;1930;Modernizm;2;;;google.com/maps;2;27.09.2026;
357;126116388;Starowiejska;28A;;Handlowa_Ubrania;;Mieszkaniowa Wielorodzinna;5;;1950;Modernizm;2;;;google.com/maps;2;27.09.2026;
358;273938002;;;;Garaż;;;1;;1980;Współczesność;2;;;google.com/maps;3;25.09.2026;
359;126879273;Starowiejska;32;;Handel_Ubrania;;Mieszkaniowa Wielorodzinna;6;;1950;Modernizm;3;;;google.com/maps;2;27.09.2026;
360;97222145;Plac Konstytucji;1;;Dworzec_Kolejowy,Rossman,Mcdonald;;Biurowa;5;;1950;Modernizm;3;;;google.com/maps;3;27.09.2026;
361;126117712;Świętojańska;2;;Lumpeks;;Mieszkaniowa Wielorodzinna;7;;1950;Modernizm;2;;;google.com/maps;3;26.09.2026;
362;126879248;Starowiejska;42;;Fryzjer;;Mieszkaniowa Wielorodzinna;6;;1950;Modernizm;3;;;google.com/maps;2;27.09.2026;
363;126879249;Starowiejska;44;;Restauracja,Fryzjer;;Mieszkaniowa Wielorodzinna;6;;1950;Modernizm;3;;;google.com/maps;2;27.09.2026;
364;126879250;Starowiejska;46;;Usługowa_Krawiec,Usługowa_Wycieczki;;Mieszkaniowa Wielorodzinna;6;;1950;Modernizm;3;;;google.com/maps;2;27.09.2026;
365;261450882;Starowiejska;60;;Bar;;;1;;2000;Nowożytność;2;;;google.com/maps;2;27.09.2026;
366;126879251;Starowiejska;48;;Żabka;;Mieszkaniowa Wielorodzinna;6;;1950;Modernizm;3;;;google.com/maps;2;27.09.2026;
367;261459253;Starowiejska;40C;;Restauracja;;Restauracja;2;;2000;Nowożytność;3;;;google.com/maps;3;27.09.2026;
368;261459278;Starowiejska;36;;Restauracja;;;1;;1950;Modernizm;3;;;google.com/maps;3;27.09.2026;
369;261459199;Starowiejska;36;;Piekarnia;;;1;;1950;Modernizm;3;;;google.com/maps;3;27.09.2026;
370;261459287;;;;Garaż;;;1;;1980;Współczesność;2;;;google.com/maps;3;27.09.2026;
371;261459301;Starowiejska;36;;Handel_Ubrania;;;1;;1950;Modernizm;3;;;google.com/maps;2;27.09.2026;
372;1359011754;;;;Garaż;;;1;;1980;Współczesność;2;;;google.com/maps;3;27.09.2026;
373;126603282;Antoniego Abrahama;3;;Handlowa_Ubrania,Nieużytek;;Mieszkaniowa Wielorodzinna;3;;1950;Modernizm;2;;;google.com/maps;2;26.09.2026;
374;126879252;Starowiejska;50;;Administracja;;Administracja;5;;1950;Modernizm;3;;;google.com/maps;2;27.09.2026;
375;126879253;Starowiejska;52;;Handlowa_Ubrania,Usługowa_Zdrowie;;Mieszkaniowa Wielorodzinna;5;;1950;Modernizm;3;;;google.com/maps;2;27.09.2026;
376;126879254;Starowiejska;54;;Restauracja,Usługowa_Zdrowie;;Mieszkaniowa Wielorodzinna;5;;1930;Modernizm;2;;;google.com/maps;2;27.09.2026;
377;126879255;Starowiejska;56;;Apteka,Kawiarnia;;Mieszkaniowa Wielorodzinna;7;;1930;Modernizm;3;;;google.com/maps;2;27.09.2026;
378;273937999;;;;Garaż;;;1;;1980;Współczesność;2;;;google.com/maps;3;25.09.2026;
379;126117734;Jerzego Waszyngtona;38;;Nieużytek;;Nieużytek;4;;1920;Klasycyzm;3;;;google.com/maps;2;25.09.2026;
380;126116394;Starowiejska;58;;Centrum Medyczne;;Mieszkaniowa Wielorodzinna;5;;1930;Modernizm;3;;;google.com/maps;2;27.09.2026;
381;126606154;Starowiejska;1;;Restauracja;;Mieszkaniowa Wielorodzinna;5;;1930;Modernizm;2;;;google.com/maps;3;26.09.2026;
382;261459221;;;;Garaż;;;1;;1980;Współczesność;2;;;google.com/maps;3;27.09.2026;
383;126879280;Starowiejska;7;;Handlowa_Ubrania,Usługowa_Fotograf;;Mieszkaniowa Wielorodzinna;6;;1930;Modernizm;3;;;google.com/maps;2;26.09.2026;
384;126879281;Starowiejska;9;;Warzywniak,Handlowa_Ubrania,Usługowa_Zdrowie;;Mieszkaniowa Wielorodzinna;5;;1920;Klasycyzm;3;;;google.com/maps;2;26.09.2026;
385;355434412;Jerzego Waszyngtona;15;;Biurowa;;Biurowa;3;;2010;Współczesność;3;;;google.com/maps;3;27.09.2026;
386;273937998;;;;Garaż;;;1;;2000;Nowożytność;2;;;google.com/maps;3;25.09.2026;
387;126879277;Starowiejska;13-15;;Piekarnia,Usługi_ubezpieczenia,Usługi_Jubiler;;Mieszkaniowa Wielorodzinna;7;;1940;Modernizm;2;;;google.com/maps;2;26.09.2026;
388;126452264;Stefana Żeromskiego;36;;Stowarzyszenie_Kulturalne;;Mieszkaniowa Wielorodzinna;7;;1940;Modernizm;2;;;google.com/maps;3;27.09.2026;
389;126117755;Antoniego Abrahama;1;;Apteka, Fryzjer, Kantor;;Mieszkaniowa Wielorodzinna;5;;1950;Modernizm;2;;;google.com/maps;2;26.09.2026;
390;273938007;Jerzego Waszyngtona;38;;Nieużytek;;Nieużytek;3;;1920;Klasycyzm;3;;;google.com/maps;2;25.09.2026;
391;260800906;;;;Garaż;;;1;;1980;Nowożytność;2;;;google.com/maps;3;27.09.2026;
392;126879264;Starowiejska;21;;Fryzjer,Usługowa;;Mieszkaniowa Wielorodzinna;5;;1930;Modernizm;2;;;google.com/maps;2;23.09.2026;
393;126341132;Starowiejska;11;;Żabka,Kawiarnia,Handel_Ubrania;;Mieszkaniowa Wielorodzinna;5;;1920;Klasycyzm;2;;;google.com/maps;2;26.09.2026;
394;126879263;Starowiejska;19;;Fryzjer,Handlowa,Nieużytek;;Mieszkaniowa Wielorodzinna;5;;1930;Modernizm;2;;;google.com/maps;2;23.09.2026;
395;261459194;Jerzego Waszyngtona;34;;Usługi Kursy;;;1;;1950;Modernizm;2;;;google.com/maps;1;30.09.2026;
396;126879265;Starowiejska;23;;Apteka,Handlowa;;Mieszkaniowa Wielorodzinna;5;;1930;Modernizm;2;;;google.com/maps;2;23.09.2026;
397;260800925;;;;Garaż;;;1;;1980;Nowożytność;2;;;google.com/maps;2;26.09.2026;
398;126117752;Starowiejska;17;;Handlowa_turystyczna;;Biurowa;6;;1930;Modernizm;3;;;google.com/maps;3;26.09.2026;
399;355431246;Jerzego Waszyngtona;15;;Biurowa;;Biurowa;11;;2010;Współczesność;3;;;google.com/maps;3;27.09.2026;
400;126391711;Świętojańska;5;;Apteka,Delikatesy,Księgarnia,Zakład_Pogrzebowy;;Mieszkaniowa Wielorodzinna;7;;1930;Modernizm;2;;;google.com/maps;2;27.09.2026;
401;261459216;;;;Garaż;;;1;;1980;Współczesność;2;;;google.com/maps;3;27.09.2026;
402;126879260;Starowiejska;29;;Restauracja,Lombarz;;Mieszkaniowa Wielorodzinna;7;;1950;Modernizm;2;;;google.com/maps;2;23.09.2026;
403;125910015;Stefana Żeromskiego;37;;Mieszkaniowa Wielorodzinna;;Mieszkaniowa Wielorodzinna;7;;2020;Współczesność;3;;;google.com/maps;3;25.09.2026;
404;126879261;Starowiejska;31;;Restauracja,Fryzjer;;Mieszkaniowa Wielorodzinna;7;;1950;Modernizm;2;;;google.com/maps;2;23.09.2026;
405;261450915;3 Maja;17;;Handel_Ubrania;;;1;;1950;Modernizm;2;;;google.com/maps;2;23.09.2026;
406;126879262;Starowiejska;33;;Usługowa_masaż;;Mieszkaniowa Wielorodzinna;7;;1950;Modernizm;2;;;google.com/maps;2;23.09.2026;
407;126117707;Starowiejska;25;;Stomatolog,Kawiarnia;;Mieszkaniowa Wielorodzinna;5;;1950;Modernizm;2;;;google.com/maps;2;23.09.2026;
408;126116382;Starowiejska;35;;Handel_Księgarnia;;Mieszkaniowa Wielorodzinna;7;;1950;Modernizm;2;;;google.com/maps;2;23.09.2026;
409;260800502;Starowiejska;;;Mieszkaniowa Jednorodzinna;;Mieszkaniowa Jednorodzinna;2;;1980;Współczesność;2;;;google.com/maps;2;26.09.2026;
410;273938004;;;;Garaż;;;1;;1980;Współczesność;2;;;google.com/maps;3;25.09.2026;
411;126116385;Mściwoja;2;;Żabka,Usługowa_Masaż;;Mieszkaniowa Wielorodzinna;6;;1950;Modernizm;2;;;google.com/maps;2;23.09.2026;
412;126117743;Starowiejska;37;;Restauracja,Fryzjer,Bank;;Mieszkaniowa Wielorodzinna;7;;1930;Modernizm;2;;;google.com/maps;2;23.09.2026;
413;260800895;;;;Garaż;;;1;;1980;Współczesność;2;;;google.com/maps;3;26.09.2026;
414;273937984;;;;Garaż;;;1;;1980;Współczesność;2;;;google.com/maps;3;25.09.2026;
415;260800932;Starowiejska;;;Mieszkaniowa Jednorodzinna;;Mieszkaniowa Jednorodzinna;2;;1980;Współczesność;2;;;google.com/maps;2;26.09.2026;
416;1228008638;Jerzego Waszyngtona;15;;Mieszkaniowa Wielorodzinna;;Mieszkaniowa Wielorodzinna;6;;2020;Współczesność;3;;;google.com/maps;3;27.09.2026;
417;126341133;;;;Garaż;;;1;;1980;Współczesność;2;;;google.com/maps;3;26.09.2026;
418;126606378;3 Maja;18;;Restauracja,Centrum Medyczne;;;1;;1980;Współczesność;2;;;google.com/maps;2;23.09.2026;
419;126603285;Antoniego Abrahama;4;;Bar;;Mieszkaniowa Wielorodzinna;4;;1930;Modernizm;2;;;google.com/maps;2;26.09.2026;
420;1228008634;Jerzego Waszyngtona;13B;;Stomatolog;;Biurowa;5;;2020;Współczesność;3;;;google.com/maps;3;27.09.2026;
421;260800835;;;;Garaż;;;1;;1980;Współczesność;2;;;google.com/maps;3;26.09.2026;
422;261450927;3 Maja;17;;Fryzjer,Usługowa_biuro_podróż;;Mieszkaniowa Wielorodzinna;6;;1950;Modernizm;2;;;google.com/maps;2;23.09.2026;
423;126391713;Świętojańska;04.sie;;Handlowa_Sztka, Apteka, Żabka, Cukiernia,Lumpeks;;Mieszkaniowa Wielorodzinna;6;;1950;Modernizm;2;;;google.com/maps;2;26.09.2026;
424;126603590;Zygmunta Augusta;2;;Hostel;;Hostel;2;;1950;Modernizm;3;;;google.com/maps;2;26.09.2026;
425;260800825;;;;Garaż;;;1;;1980;Nowożytność;2;;;google.com/maps;3;26.09.2026;
426;1258417589;Zygmunta Augusta;;;Pustka;;Mieszkaniowa Wielorodzinna;6;;2020;Współczesność;3;;;google.com/maps;3;26.09.2026;
427;273938003;;;;Garaż;;;1;;2000;Współczesność;2;;;google.com/maps;3;25.09.2026;
428;1228008635;Jerzego Waszyngtona;13B;;Biurowa;;Biurowa;5;;2020;Współczesność;3;;;google.com/maps;2;27.09.2026;
429;180600519;Starowiejska;;;Gimnazjum;;Gimnazjum;4;;1950;Modernizm;2;;;google.com/maps;2;24.09.2026;
430;261450912;;;;Garaż;;;1;;1980;Współczesność;2;;;google.com/maps;3;23.09.2026;
431;273938012;Jerzego Waszyngtona;42;;Garaż;;Instytut Meteorologii;2;;1980;Współczesność;2;;;google.com/maps;3;25.09.2026;
432;261459244;;;;Usługowa_kursy;;;1;;1980;Współczesność;2;;;google.com/maps;2;27.09.2026;
433;1362922764;Jerzego Waszyngtona;13B;;Pustka;;Biurowa;2;;2020;Współczesność;3;;;google.com/maps;2;27.09.2026;
434;1359011753;;;;Usługowa_Medyczna;;Usługowa_Medyczna;3;;2020;Współczesność;3;;;google.com/maps;3;26.09.2026;
435;126879258;Starowiejska;45;;Notariusz;;Centrum Medyczne;6;;1980;Współczesność;2;;;google.com/maps;2;23.09.2026;
436;126452263;Kazimierza Pułaskiego;6;;Centrum_Medyczne;;Biurowa;8;;1950;Modernizm;3;;;google.com/maps;2;27.09.2026;
437;241327979;;;;Garaż;;;1;;1980;Współczesność;2;;;google.com/maps;3;26.09.2026;
438;126879257;Starowiejska;41-43;;Centrum Handlowe;;Centrum Handlowe;6;;2000;Współczesność;3;;;google.com/maps;2;24.09.2026;
439;260800635;Antoniego Abrahama;;;Garaż;;;1;;1980;Współczesność;2;;;google.com/maps;3;26.09.2026;
440;1322367953;3 Maja;20;;Żabka;;;1;;1980;Współczesność;2;;;google.com/maps;2;23.09.2026;
441;126603836;Mściwoja;4/6A;;Mieszkaniowa Wielorodzinna;;Mieszkaniowa Wielorodzinna;12;;1980;Współczesność;2;;;google.com/maps;2;23.09.2026;
442;260800855;;;;Garaż;;;1;;1980;Współczesność;2;;;google.com/maps;3;26.09.2026;
443;261450889;Starowiejska;45;;Pustka;;Centrum Medyczne;6;;1980;Współczesność;2;;;google.com/maps;2;24.09.2026;
444;256348846;;;;;;;;;;;;;;google.com/maps;;;
445;126117708;Mściwoja;3;;Bar,Usługowa;;Mieszkaniowa Wielorodzinna;5;;1950;Modernizm;2;;;google.com/maps;2;24.09.2026;
446;273938001;;;;Garaż;;;1;;1980;Współczesność;2;;;google.com/maps;3;25.09.2026;
447;126879259;Starowiejska;47;;Usługowa;;Mieszkaniowa Wielorodzinna;6;;1930;Modernizm;3;;;google.com/maps;2;23.09.2026;
448;126606377;;;;Garaż;;;1;;1980;Współczesność;2;;;google.com/maps;2;23.09.2026;
449;126603284;Antoniego Abrahama;6;;Usługowa_Zdrowie,Kantor;;Mieszkaniowa Wielorodzinna;5;;1930;Modernizm;2;;;google.com/maps;2;26.09.2026;
450;126117706;Władysława IV;21;;Żabka;;Mieszkaniowa Wielorodzinna;5;;1930;Modernizm;2;;;google.com/maps;2;26.09.2026;
451;260800892;;;;Garaż;;;1;;1980;Nowożytność;2;;;google.com/maps;3;26.09.2026;
452;261450907;3 Maja;19;;Handlowa_Zdrowie;;Mieszkaniowa Wielorodzinna;6;;1950;Modernizm;2;;;google.com/maps;2;23.09.2026;
453;355434401;Nabrzeże Prezydenta;;;Restauracja;;Hotel;3;;2010;Współczesność;3;;;google.com/maps;3;27.09.2026;
454;126341129;Antoniego Abrahama;5;;Usługowa_Zdrowie;;Mieszkaniowa Wielorodzinna;3;;2000;Współczesność;3;;;google.com/maps;2;26.09.2026;
455;126603589;Zygmunta Augusta;4;;Mieszkaniowa Wielorodzinna;;Mieszkaniowa Wielorodzinna;5;;1950;Modernizm;2;;;google.com/maps;2;26.09.2026;
456;256348844;Plac Konstytucji;;;Usługowa,Żabka,Restauracja;;;1;;1950;Modernizm;2;;;google.com/maps;3;27.09.2026;
457;260800694;;;;Garaż;;;1;;1980;Współczesność;2;;;google.com/maps;3;26.09.2026;
458;261450928;;;;Garaż;;;1;;1980;Współczesność;2;;;google.com/maps;2;23.09.2026;
459;126391710;Świętojańska;9;;Pub,Bar,Usługi_Zdrowie;;Mieszkaniowa Wielorodzinna;6;;1930;Klasycyzm;2;;;google.com/maps;2;27.09.2026;
460;126606387;3 Maja;20;;Lombard, Usługi_foto;;;1;;1980;Współczesność;2;;;google.com/maps;2;23.09.2026;
461;126341138;Kazimierza Pułaskiego;8;;Bank;;Biurowa;7;;1980;Współczesność;2;;;google.com/maps;2;27.09.2026;
462;260800840;;;;Garaż;;;1;;1980;Współczesność;2;;;google.com/maps;3;26.09.2026;
463;125910021;Jerzego Waszyngtona;42;;Instytut Meteorologii;;Instytut Meteorologii;6;;1950;Modernizm;3;;;google.com/maps;3;25.09.2026;
464;261450891;;;;Garaż;;;1;;1980;Współczesność;2;;;google.com/maps;2;23.09.2026;
465;241327987;;;;Garaż;;;1;;1980;Współczesność;2;;;google.com/maps;3;26.09.2026;
466;126603835;Mściwoja;4/6B;;Mieszkaniowa Wielorodzinna;;Mieszkaniowa Wielorodzinna;12;;1980;Współczesność;2;;;google.com/maps;2;23.09.2026;
467;261450901;;;;Garaż;;;1;;1980;Współczesność;2;;;google.com/maps;2;24.09.2026;
468;355431245;Jerzego Waszyngtona;19;;Hotel;;Hotel;9;;2010;Współczesność;3;;;google.com/maps;3;27.09.2026;
469;358803296;Zygmunta Augusta;3;;Usługowa_Pralnia,Barber;;Mieszkaniowa Wielorodzinna;8;;2020;Współczesność;3;;;google.com/maps;3;26.09.2026;
470;125910017;Stefana Żeromskiego;39;;Przychodnia;;Mieszkaniowa Wielorodzinna;7;;1990;Współczesność;2;;;google.com/maps;2;25.09.2026;
471;261450922;;;;Garaż;;;1;;1980;Współczesność;2;;;google.com/maps;2;23.09.2026;
472;260800809;;;;Nieużytek;;Nieużytek;2;;1980;Nowożytność;2;;;google.com/maps;1;26.09.2026;
473;261450908;;;;Techniczna;;;1;;1980;Współczesność;2;;;google.com/maps;2;23.09.2026;
474;125910018;Kazimierza Pułaskiego;2;;Mieszkaniowa Wielorodzinna;;Mieszkaniowa Wielorodzinna;4;;1950;Modernizm;3;;;google.com/maps;2;25.09.2026;
475;261450881;Mściwoja;5;;Klub Bilardowy;;Mieszkaniowa Wielorodzinna;6;;1950;Modernizm;2;;;google.com/maps;2;23.09.2026;
476;126603281;Antoniego Abrahama;7;;Restauracja;;;1;;2000;Współczesność;2;;;google.com/maps;2;26.09.2026;
477;241327988;;;;Garaż;;;1;;1980;Współczesność;2;;;google.com/maps;3;26.09.2026;
478;126341130;Antoniego Abrahama;8;;Nieużytek;;;1;;1980;Współczesność;1;;;google.com/maps;2;26.09.2026;
479;261450921;;;;Garaż;;;1;;1980;Współczesność;2;;;google.com/maps;2;23.09.2026;
480;126603950;Zgoda;8;;Spółdzielnia Mieszkaniowa;;Spółdzielnia Mieszkaniowa;8;;1930;Modernizm;3;;;google.com/maps;2;23.09.2026;
481;126116383;3 Maja;21;;Restauracja;;Mieszkaniowa Wielorodzinna;5;;1930;Modernizm;2;;;google.com/maps;2;23.09.2026;
482;126603834;Mściwoja;4/6C;;Mieszkaniowa Wielorodzinna;;Mieszkaniowa Wielorodzinna;12;;1980;Współczesność;2;;;google.com/maps;2;23.09.2026;
483;241327985;;;;Garaż;;;1;;1980;Współczesność;2;;;google.com/maps;3;26.09.2026;
484;126603949;Zgoda;6;;Mieszkaniowa Wielorodzinna;;Mieszkaniowa Wielorodzinna;5;;1930;Artdeco;2;;;google.com/maps;2;23.09.2026;
485;126116384;Zgoda;10;;Pub;;Mieszkaniowa Wielorodzinna;5;;1930;Modernizm;2;;;google.com/maps;2;23.09.2026;
486;126603948;Zgoda;4;;Mieszkaniowa Wielorodzinna;;Mieszkaniowa Wielorodzinna;5;;1930;Artdeco;2;;;google.com/maps;2;23.09.2026;
487;126391717;Świętojańska;10;;Piekarnia, Jubiler,Kantor;;Mieszkaniowa Wielorodzinna;5;;1930;Klasycyzm;2;;;google.com/maps;2;26.09.2026;
488;126117741;Dworcowa;9;;Lombard,Restauracja;;;1;;1980;Współczesność;2;;;google.com/maps;2;24.09.2026;
489;260800929;;;;Mieszkaniowa Jednorodzinna;;;1;;1980;Współczesność;2;;;google.com/maps;1;26.09.2026;
490;126357869;Władysława IV;24;Użyteczność publiczna;Zus;;Zus;5;;1980;Postmodernizm;3;;;google.com/maps;2;24.09.2026;
491;261450903;;;;Garaż;;;1;;1980;Współczesność;2;;;google.com/maps;2;24.09.2026;
492;126603280;Antoniego Abrahama;9;;Usługowa_Medyczna,Usługowa_Złotnik,Kawiarnia;;Mieszkaniowa Wielorodzinna;6;;1930;Modernizm;2;;;google.com/maps;2;26.09.2026;
493;126603293;Antoniego Abrahama;10;;Handlowa_Ubrania,Usługowa_Krawiec;;Mieszkaniowa Wielorodzinna;5;;1930;Modernizm;2;;;google.com/maps;2;26.09.2026;
494;256348843;Dworcowa;3;;Dworzec_Kolejowy;;Dworzec_Kolejowy;2;;1950;Modernizm;2;;;google.com/maps;3;27.09.2026;
495;126357867;10 Lutego;26;;Gimnazjum,Administracja;;Gimnazjum,Administracja;4;;1930;Klasycyzm;2;;;google.com/maps;2;24.09.2026;
496;241327984;;;;Garaż;;;1;;1980;Współczesność;2;;;google.com/maps;3;26.09.2026;
497;260676391;Kazimierza Pułaskiego;;;Wojskowa;;;1;;1940;Modernizm;2;;;google.com/maps;2;27.09.2026;
498;126116377;3 Maja;22/24;;Handlowa_muzyka, centrum medyczne;;Mieszkaniowa Wielorodzinna;6;;1930;Modernizm;2;;;google.com/maps;2;24.09.2026;
499;126603719;Mściwoja;7;;Usługowa_nieruchomośći;;Usługowa_nieruchomośći;4;;1980;Współczesność;3;;;google.com/maps;2;24.09.2026;
500;1322588558;Kazimierza Pułaskiego;3;;Mieszkaniowa Wielorodzinna;;Mieszkaniowa Wielorodzinna;6;;1940;Modernizm;2;;;google.com/maps;2;27.09.2026;
501;126603588;Zygmunta Augusta;6;;Centrum Medyczne;;Mieszkaniowa Wielorodzinna;5;;1950;Modernizm;3;;;google.com/maps;2;26.09.2026;
502;261459267;;;;Garaż;;;1;;1980;Współczesność;2;;;google.com/maps;3;24.09.2026;
503;126391718;Świętojańska;12;;Nieużytek;;Mieszkaniowa Wielorodzinna;6;;1930;Klasycyzm;3;;;google.com/maps;3;26.09.2026;
504;1258417579;;;;;;;;;;;;;;google.com/maps;;;
505;127268559;Dworcowa;11;;Piekarnia,Handel;;Mieszkaniowa Wielorodzinna;6;;1930;Modernizm;2;;;google.com/maps;3;27.09.2026;
506;126603732;Władysława IV;23;;Usługowa_Zdrowie,Handel_Ubrania;;Mieszkaniowa Wielorodzinna;5;;1930;Modernizm;2;;;google.com/maps;2;26.09.2026;
507;126391726;Świętojańska;11;;Centrum Medyczne,Sex Shop;;Mieszkaniowa Wielorodzinna;6;;1930;Modernizm;2;;;google.com/maps;2;27.09.2026;
508;261459276;;;;Garaż;;;1;;1980;Współczesność;2;;;google.com/maps;3;26.09.2026;
509;261450883;Dworcowa;3;;Dworzec_Kolejowy;;Dworzec_Kolejowy;2;;1950;Modernizm;2;;;google.com/maps;3;27.09.2026;
510;126452262;Kazimierza Pułaskiego;7;;Wojskowa;;Wojskowa;5;;1930;Modernizm;3;;;google.com/maps;3;27.09.2026;
511;1083186701;Kazimierza Pułaskiego;2;;Mieszkaniowa Wielorodzinna;;Mieszkaniowa Wielorodzinna;6;;1940;Modernizm;2;;;google.com/maps;2;27.09.2026;
512;273937987;Kazimierza Pułaskiego;3;;Mieszkaniowa Wielorodzinna;;Mieszkaniowa Wielorodzinna;6;;1940;Modernizm;2;;;google.com/maps;2;27.09.2026;
513;126603292;Antoniego Abrahama;12;;Handlowa_Medyczna,Handlowa_Filatelistyka,Restauracja;;;1;;1980;Współczesność;2;;;google.com/maps;2;26.09.2026;
514;126603279;Antoniego Abrahama;11;;Restauracja;;Mieszkaniowa Wielorodzinna;5;;1930;Modernizm;2;;;google.com/maps;3;26.09.2026;
515;125910023;Stefana Żeromskiego;41;;Mieszkaniowa Wielorodzinna;;Mieszkaniowa Wielorodzinna;6;;1940;Modernizm;2;;;google.com/maps;2;27.09.2026;
516;241327981;;;;Garaż;;;1;;1980;Współczesność;2;;;google.com/maps;3;26.09.2026;
517;126603579;Zygmunta Augusta;9;;Usługowa_Krawiec,Usługowa_Fotograf;;Mieszkaniowa Wielorodzinna;5;;1930;Modernizm;1;;;google.com/maps;2;26.09.2026;
518;126116379;Zgoda;11;;Spa;;Mieszkaniowa Wielorodzinna;6;;1920;Klasycyzm;2;;;google.com/maps;2;24.09.2026;
519;126603947;Zgoda;9;;Mieszkaniowa Wielorodzinna;;Mieszkaniowa Wielorodzinna;6;;1920;Klasycyzm;2;;;google.com/maps;2;24.09.2026;
520;126603946;Zgoda;7;;Mieszkaniowa Wielorodzinna;;Mieszkaniowa Wielorodzinna;6;;1920;Klasycyzm;2;;;google.com/maps;2;24.09.2026;
521;126603945;Zgoda;5;;Mieszkaniowa Wielorodzinna;;Mieszkaniowa Wielorodzinna;6;;1920;Klasycyzm;2;;;google.com/maps;2;24.09.2026;
522;126603944;Zgoda;3;;SexShop;;Mieszkaniowa Wielorodzinna;6;;1920;Klasycyzm;2;;;google.com/maps;2;24.09.2026;
523;260800924;;;;Garaż;;;1;;1980;Nowożytność;2;;;google.com/maps;3;26.09.2026;
524;126603943;Zgoda;1;;Mieszkaniowa Wielorodzinna;;Mieszkaniowa Wielorodzinna;6;;1920;Klasycyzm;2;;;google.com/maps;2;24.09.2026;
525;126116378;Zgoda;13;;Fryzjer,Biuro_Nieruchomosci;;Mieszkaniowa Wielorodzinna;6;;1930;Modernizm;2;;;google.com/maps;2;24.09.2026;
526;241327986;;;;Garaż;;;1;;1980;Nowożytność;2;;;google.com/maps;3;26.09.2026;
527;197168519;;;;Garaż;;;1;;1980;Współczesność;2;;;google.com/maps;3;27.09.2026;
528;197168518;;;;Garaż;;;1;;1980;Współczesność;2;;;google.com/maps;3;27.09.2026;
529;126452261;Kazimierza Pułaskiego;1;;Mieszkaniowa Wielorodzinna;;Mieszkaniowa Wielorodzinna;6;;1940;Modernizm;2;;;google.com/maps;2;27.09.2026;
530;260800938;Antoniego Abrahama;16;;Aparthotel;;Aparthotel;4;;1980;Nowożytność;2;;;google.com/maps;2;26.09.2026;
531;126603723;Władysława IV;28;;Kawiarnia,biuro_rachunkowe;;Mieszkaniowa Wielorodzinna;6;;1930;Modernizm;2;;;google.com/maps;2;24.09.2026;
532;225142932;;;;Garaż;;;1;;1980;Nowożytność;2;;;google.com/maps;2;24.09.2026;
533;126391719;Świętojańska;14;;Usługi_Techniczne,Fryzjer;;Mieszkaniowa Wielorodzinna;6;;1930;Wertykalizm;2;;;google.com/maps;2;26.09.2026;
534;241327978;;;;Mieszkaniowa Jednorodzinna;;Mieszkaniowa Jednorodzinna;2;;1980;Nowożytność;2;;;google.com/maps;1;26.09.2026;
535;1217373828;;;;Garaż;;;1;;1980;Współczesność;2;;;google.com/maps;3;27.09.2026;
536;126603294;Antoniego Abrahama;14;;Cukiernia;;;1;;1980;Nowożytność;2;;;google.com/maps;3;26.09.2026;
537;126117709;Mściwoja;9;;Restauracja,Biurowa;;Mieszkaniowa Wielorodzinna;6;;1950;Modernizm;2;;;google.com/maps;2;24.09.2026;
538;126391728;Świętojańska;13;;Fryzjer,Handel_Alkohole,Restauracja;;;5;;1930;Modernizm;2;;;google.com/maps;2;27.09.2026;
539;260800937;;;;Mieszkaniowa Wielorodzinna;;Mieszkaniowa Wielorodzinna;4;;1980;Nowożytność;2;;;google.com/maps;2;26.09.2026;
540;225142933;;;;Garaż;;;1;;1980;Nowożytność;2;;;google.com/maps;2;24.09.2026;
541;260800539;Antoniego Abrahama;16;;Aparthotel;;Aparthotel;4;;1980;Nowożytność;2;;;google.com/maps;2;26.09.2026;
542;126603773;Mściwoja;10;;Centrum Medyczne,Monopolowy;;Mieszkaniowa Wielorodzinna;5;;1930;Modernizm;2;;;google.com/maps;2;24.09.2026;
543;241327982;;;;Garaż;;;1;;1980;Nowożytność;2;;;google.com/maps;3;26.09.2026;
544;430300213;Antoniego Abrahama;13;;Żabka;;Hotel;6;;2020;Nowożytność;3;;;google.com/maps;3;26.09.2026;
545;261459270;;;;Garaż;;;1;;1980;Współczesność;2;;;google.com/maps;3;27.09.2026;
546;261459239;;;;Garaż;;;1;;1980;Współczesność;2;;;google.com/maps;3;27.09.2026;
547;225562561;;;;Garaż;;;1;;1980;Współczesność;2;;;google.com/maps;3;27.09.2026;
548;261459209;;;;Garaż;;;1;;1980;Współczesność;2;;;google.com/maps;3;27.09.2026;
549;261459232;;;;Garaż;;;1;;1980;Współczesność;2;;;google.com/maps;3;27.09.2026;
550;125910029;Stefana Żeromskiego;40-42;;Mieszkaniowa Wielorodzinna;;Mieszkaniowa Wielorodzinna;6;;1940;Modernizm;2;;;google.com/maps;2;27.09.2026;
551;261459248;;;;Garaż;;;1;;1980;Współczesność;2;;;google.com/maps;3;27.09.2026;
552;261459211;;;;Garaż;;;1;;1980;Współczesność;2;;;google.com/maps;3;27.09.2026;
553;261459231;;;;Garaż;;;1;;1980;Współczesność;2;;;google.com/maps;3;27.09.2026;
554;261459240;;;;Garaż;;;1;;1980;Współczesność;2;;;google.com/maps;3;27.09.2026;
555;126341137;Antoniego Abrahama;16;;Kantor;;;1;;1980;Nowożytność;2;;;google.com/maps;3;26.09.2026;
556;261459223;;;;Garaż;;;1;;1980;Współczesność;2;;;google.com/maps;3;27.09.2026;
557;261459236;;;;Garaż;;;1;;1980;Współczesność;2;;;google.com/maps;3;27.09.2026;
558;126452270;Stefana Żeromskiego;45;;Centrum Medyczne;;Mieszkaniowa Wielorodzinna;5;;1940;Modernizm;2;;;google.com/maps;2;27.09.2026;
559;261459273;;;;Garaż;;;1;;1980;Współczesność;2;;;google.com/maps;3;27.09.2026;
560;126603578;Zygmunta Augusta;11;;Biurowa;;Biurowa;6;;1980;Nowożytność;2;;;google.com/maps;3;26.09.2026;
561;127268557;10 Lutego;32;;Żabka,Handel,Kebab;;Mieszkaniowa Wielorodzinna;6;;1950;Modernizm;3;;;google.com/maps;2;24.09.2026;
562;126603720;Władysława IV;30A;;Pub;;Mieszkaniowa Wielorodzinna;5;;1930;Artdeco;2;;;google.com/maps;2;24.09.2026;
563;126603722;Władysława IV;30;;Nieużytek;;Usługowa;3;;1980;Postmodernizm;2;;;google.com/maps;1;24.09.2026;
564;260676025;;;;Garaż;;;1;;1980;Współczesność;2;;;google.com/maps;3;27.09.2026;
565;126357865;Szkolna;10;;Nauka_jazdy,Drukarnia,Lombard,Optyk;;Mieszkaniowa Wielorodzinna;5;;1950;Modernizm;3;;;google.com/maps;2;24.09.2026;
566;126357866;10 Lutego;30;;Handel_kolekcjonerski, Kebab;;Mieszkaniowa Wielorodzinna;5;;1950;Modernizm;3;;;google.com/maps;2;24.09.2026;
567;261459247;;;;Garaż;;;1;;1980;Współczesność;2;;;google.com/maps;3;27.09.2026;
568;260676189;Kazimierza Pułaskiego;3A;;Garaż;;;1;;1980;Współczesność;2;;;google.com/maps;3;27.09.2026;
569;126391730;Świętojańska;13A;;Usługi_Rozrywka;;Mieszkaniowa Wielorodzinna;6;;1930;Modernizm;2;;;google.com/maps;2;26.09.2026;
570;260676165;;;;Garaż;;;1;;1980;Współczesność;2;;;google.com/maps;3;27.09.2026;
571;261459256;;;;Mieszkaniowa Jednorodzinna;;Mieszkaniowa Jednorodzinna;3;;1950;Modernizm;2;;;google.com/maps;1;27.09.2026;
572;126391720;Świętojańska;16;;Apteka;;Mieszkaniowa Wielorodzinna;5;;1930;Wertykalizm;2;;;google.com/maps;2;26.09.2026;
573;260676206;;;;Garaż;;;1;;1980;Współczesność;2;;;google.com/maps;3;27.09.2026;
574;126596730;10 Lutego;28;;Restauracja;;;1;;2000;Nowożytność;3;;;google.com/maps;2;24.09.2026;
575;254762570;Mściwoja;10A;;Handel_obuwie;;;1;;2000;Nowożytność;2;;;google.com/maps;2;24.09.2026;
576;594932574;10 Lutego;28;;SexShop;;;1;;2000;Nowożytność;3;;;google.com/maps;2;24.09.2026;
577;260676106;Kazimierza Pułaskiego;3J;;Garaż;;;1;;1980;Współczesność;2;;;google.com/maps;3;27.09.2026;
578;594932576;10 Lutego;28;;Nieużytek;;;1;;2000;Nowożytność;1;;;google.com/maps;2;24.09.2026;
579;260676153;Kazimierza Pułaskiego;3C;;Garaż;;;1;;1980;Współczesność;2;;;google.com/maps;3;27.09.2026;
580;126116376;10 Lutego;24;;Informacja Turystyczna;;Urząd Miasta;6;;1930;Modernizm;3;;;google.com/maps;2;24.09.2026;
581;126341136;Antoniego Abrahama;18;;Restauracja,Nieużytek;;Mieszkaniowa Wielorodzinna;5;;1930;Modernizm;2;;;google.com/maps;2;26.09.2026;
582;260800916;10 Lutego;10;;Poczta;;Poczta;4;;1950;Modernizm;2;;;google.com/maps;3;26.09.2026;
583;254762579;10 Lutego;18A;;Kawiarnia,Bank;;Mieszkaniowa Wielorodzinna;6;;2020;Współczesność;3;;;google.com/maps;2;24.09.2026;
584;260676038;Kazimierza Pułaskiego;3K;;Garaż;;;1;;1980;Współczesność;2;;;google.com/maps;3;27.09.2026;
585;261459299;;;;Mieszkaniowa Jednorodzinna;;Mieszkaniowa Jednorodzinna;2;;1980;Współczesność;2;;;google.com/maps;2;26.09.2026;
586;126606389;10 Lutego;22;;Hotel;;Hotel;3;;1920;Klasycyzm;3;;;google.com/maps;2;24.09.2026;
587;260676166;Kazimierza Pułaskiego;3D;;Garaż;;;1;;1980;Współczesność;2;;;google.com/maps;3;27.09.2026;
588;183357990;;;;Garaż;;;1;;1980;Współczesność;2;;;google.com/maps;3;27.09.2026;
589;126452269;Stefana Żeromskiego;47;;Uslugi Ubezpieczenia;;Mieszkaniowa Jednorodzinna;5;;1940;Modernizm;2;;;google.com/maps;2;27.09.2026;
590;261459264;;;;Garaż;;;1;;1980;Współczesność;2;;;google.com/maps;3;27.09.2026;
591;260676199;;;;Garaż;;;1;;1980;Współczesność;2;;;google.com/maps;3;27.09.2026;
592;261459227;;;;Garaż;;;1;;1980;Współczesność;2;;;google.com/maps;3;26.09.2026;
593;261459283;;;;Garaż;;;1;;1980;Współczesność;2;;;google.com/maps;3;27.09.2026;
594;126341128;Antoniego Abrahama;15;;Kantor,Usługowa Uroda;;Mieszkaniowa Wielorodzinna;5;;2020;Współczesność;3;;;google.com/maps;2;26.09.2026;
595;125910028;Świętojańska;15;;Restauracja;;Mieszkaniowa Wielorodzinna;6;;1930;Modernizm;2;;;google.com/maps;2;27.09.2026;
596;260676020;;;;Garaż;;;1;;1980;Współczesność;2;;;google.com/maps;3;27.09.2026;
597;261459257;;;;Mieszkaniowa Jednorodzinna;;;1;;1980;Współczesność;2;;;google.com/maps;2;27.09.2026;
598;260676035;;;;Garaż;;;1;;1980;Współczesność;2;;;google.com/maps;3;27.09.2026;
599;260676112;;;;Garaż;;;1;;1980;Współczesność;2;;;google.com/maps;3;26.09.2026;
600;125925813;Jerzego Waszyngtona;44;;Wojskowa;;Wojskowa;7;;1930;Klasycyzm;3;;;google.com/maps;3;27.09.2026;
601;261459296;Skwer Tadeusza Kościuszki;24;;Bar;;;1;;1930;Modernizm;2;;;google.com/maps;2;27.09.2026;
602;260800500;Antoniego Abrahama;14;;Pizzeria;;Mieszkaniowa Wielorodzinna;5;;1930;Klasycyzm;2;;;google.com/maps;2;26.09.2026;
603;126341134;10 Lutego;16;;Galeria Handlowa;;Galeria Handlowa;6;;1980;Współczesność;3;;;google.com/maps;2;24.09.2026;
604;261459300;Skwer Tadeusza Kościuszki;16;;Restauracja;;Mieszkaniowa_Wielorodzinna;2;;1930;Modernizm;2;;;google.com/maps;2;27.09.2026;
605;261459292;Skwer Tadeusza Kościuszki;14;;Bank;;Mieszkaniowa_Wielorodzinna;1;;1930;Modernizm;2;;;google.com/maps;1;27.09.2026;
606;261459295;Skwer Tadeusza Kościuszki;16;;Restauracja;;Mieszkaniowa_Wielorodzinna;2;;1930;Modernizm;2;;;google.com/maps;2;27.09.2026;
607;126341124;Świętojańska;18;;Delikatesy;;;1;;1980;Współczesność;2;;;google.com/maps;2;26.09.2026;
608;126116381;10 Lutego;18;;Nieużytek;;Nieużytek;3;;1930;Klasycyzm;2;;;google.com/maps;2;24.09.2026;
609;227955719;Skwer Tadeusza Kościuszki;24;;Bar;;Mieszkaniowa_Wielorodzinna;6;;1930;Modernizm;2;;;google.com/maps;2;27.09.2026;
610;1322365702;10 Lutego;18;;Manufaktura_Czekolady;;;1;;2020;Współczesność;3;;;google.com/maps;2;24.09.2026;
611;125925826;Skwer Tadeusza Kościuszki;20;;Bistro;;Mieszkaniowa Wielorodzinna;5;;1930;Modernizm;2;;;google.com/maps;2;27.09.2026;
612;126117751;10 Lutego;10;Użyteczność publiczna;Poczta;;Poczta;4;;1920;Klasycyzm;3;;;google.com/maps;3;26.09.2026;
613;125910026;Świętojańska;17;;Restauracja,Usługi_Noclegi;;;6;;1930;Modernizm;3;;;google.com/maps;2;27.09.2026;
614;260800738;Antoniego Abrahama;20;;Restauracja;;Mieszkaniowa_Wielorodzinna;5;;1920;Klasycyzm;2;;;google.com/maps;2;26.09.2026;
615;126117711;Świętojańska;18;;Restauracja,Cukiernia;;Mieszkaniowa_Wielorodzinna;6;;1930;Modernizm;2;;;google.com/maps;3;24.09.2026;
616;126341127;Antoniego Abrahama;17;;Usługowa_Złotnik,Usługowa_Krawcowa;;Mieszkaniowa_Wielorodzinna;5;;1930;Modernizm;2;;;google.com/maps;2;26.09.2026;
617;126341135;10 Lutego;8;;Bank;;Bank;6;;1920;Klasycyzm;2;;;google.com/maps;3;26.09.2026;
618;261459275;Skwer Tadeusza Kościuszki;23;;Pustka;;Mieszkaniowa_Wielorodzinna;6;;1930;Modernizm;2;;;google.com/maps;2;27.09.2026;
619;261459266;Skwer Tadeusza Kościuszki;24;;Kebab;;Mieszkaniowa_Wielorodzinna;6;;1930;Modernizm;2;;;google.com/maps;2;27.09.2026;
620;125925820;Skwer Tadeusza Kościuszki;14;;Bank,Apteka;;Mieszkaniowa_Wielorodzinna;6;;1930;Modernizm;2;;;google.com/maps;2;27.09.2026;
621;260800777;Antoniego Abrahama;22;;Mieszkaniowa Jednorodzinna;;Mieszkaniowa Jednorodzinna;2;;1980;Współczesność;2;;;google.com/maps;2;27.09.2026;
622;125925825;Skwer Tadeusza Kościuszki;18;;Kebab,Usługowa_Zdrowie;;Mieszkaniowa_Wielorodzinna;6;;1930;Modernizm;3;;;google.com/maps;2;27.09.2026;
623;230813017;Antoniego Abrahama;20;;Restauracja;;Mieszkaniowa_Wielorodzinna;5;;1920;Klasycyzm;2;;;google.com/maps;2;26.09.2026;
624;125925822;Skwer Tadeusza Kościuszki;16;;Restauracja;;Mieszkaniowa_Wielorodzinna;6;;1930;Modernizm;2;;;google.com/maps;2;27.09.2026;
625;261459298;Skwer Tadeusza Kościuszki;16;;Restauracja;;Mieszkaniowa_Wielorodzinna;6;;1930;Modernizm;2;;;google.com/maps;2;27.09.2026;
626;261459200;Skwer Tadeusza Kościuszki;16;;Restauracja;;Mieszkaniowa_Wielorodzinna;6;;1930;Modernizm;2;;;google.com/maps;2;27.09.2026;
627;126452268;Skwer Tadeusza Kościuszki;12;;Targ,Nieużytek;;Mieszkaniowa_Wielorodzinna;6;;1930;Modernizm;3;;;google.com/maps;2;27.09.2026;
628;260800511;Antoniego Abrahama;22;;Kantor;;;1;;1980;Współczesność;2;;;google.com/maps;2;27.09.2026;
629;261459272;;;;Garaż;;;1;;1980;Współczesność;2;;;google.com/maps;3;26.09.2026;
630;260800923;10 Lutego;6;;Kebab;;;1;;1980;Współczesność;2;;;google.com/maps;2;26.09.2026;
631;126341125;10 Lutego;2A;;Drogeria;;Handlowa_Meble;2;;1980;Współczesność;2;;;google.com/maps;2;26.09.2026;
632;228112086;Świętojańska;20;;Cukiernia;;;1;;2000;Współczesność;2;;;google.com/maps;2;26.09.2026;
633;126596719;10 Lutego;6B;;Kantor;;;1;;1980;Współczesność;2;;;google.com/maps;2;26.09.2026;
634;126596718;10 Lutego;6A;;Kantor,Handel_CBD;;Hotel;3;;1920;Klasycyzm;2;;;google.com/maps;2;26.09.2026;
635;241327977;Antoniego Abrahama;19;;Handlowa_Rękodzieło,Handlowa_Ubrania,Kanotr;;;1;;1980;Współczesność;2;;;google.com/maps;2;26.09.2026;
636;126116375;10 Lutego;37;;Handlowa Zdrowie, Fryzjer, Usługowa Pośrednictwo Pracy;;Hotel;6;;1930;Klasycyzm;2;;;google.com/maps;2;24.09.2026;
637;126341123;10 Lutego;4;;Usługowa_Zdrowie;;Mieszkaniowa Wielorodzinna;4;;1930;Klasycyzm;2;;;google.com/maps;2;26.09.2026;
638;254762572;10 Lutego;38;;Usługowa Kursy;;Usługowa Kursy;2;;1980;Współczesność;2;;;google.com/maps;2;24.09.2026;
639;228113855;Świętojańska;20;Gastronomia;Lodziarnia;;;1;;2000;Współczesność;3;;;google.com/maps;2;26.09.2026;
640;126596728;10 Lutego;35;;Handlowa Odzież ,Starocie;;Mieszkaniowa Wielorodzinna;6;;1920;ArtDeco;2;;;google.com/maps;2;24.09.2026;
641;126596727;10 Lutego;35A;;Handlowa Odzież;;Mieszkaniowa Wielorodzinna;6;;1920;ArtDeco;2;;;google.com/maps;2;24.09.2026;
642;126341126;10 Lutego;2;;Handlowa_Biżuteria,Usługowa Zdrowie,Restauracja;;Nieużytek;2;;1910;Klasycyzm;3;;;google.com/maps;2;26.09.2026;
643;17488128;10 Lutego;39;;Prokuratura;;Prokuratura;3;;1920;Klasycyzm;3;;;google.com/maps;2;24.09.2026;
644;517895082;Aleja Jana Pawła II;1;;Kasa biletowa;;;1;;2000;Współczesność;3;;;google.com/maps;3;27.09.2026;
645;126106133;10 Lutego;31;;Nieużytek;;Mieszkaniowa Wielorodzinna;8;;1950;Modernizm;3;;;google.com/maps;1;24.09.2026;
646;260800718;;;;;;;;;;;;;;;;;
647;260800805;;;;;;;;;;;;;;;;;
648;260800812;;;;;;;;;;;;;;;;;
649;126596725;10 Lutego;29;;Mieszkaniowa Wielorodzinna;;Mieszkaniowa Wielorodzinna;5;;1920;Klasycyzm;2;;;google.com/maps;2;24.09.2026;
650;126357617;10 Lutego;33;;Usługowa Energetyczna;;Biurowa;7;;1960;Modernizm;3;;;google.com/maps;2;30.09.2026;
651;126596723;10 Lutego;25;;Piekarnia, Usłuowa Zegarmistrz;;Mieszkaniowa Wielorodzinna;5;;1930;Artdeco;2;;;google.com/maps;2;24.09.2026;
652;260800699;;;;;;;;;;;;;;;;;
653;260800844;;;;;;;;;;;;;;;;;
654;260800685;;;;Garaż;;;1;;1980;Współczesność;2;;;google.com/maps;2;24.09.2026;
655;260800807;;;;;;;;;;;;;;;;;
656;126596720;10 Lutego;19;;Piekarnia;;Mieszkaniowa Wielorodzinna;6;;1920;Klasycyzm;3;;;google.com/maps;2;24.09.2026;
657;126596724;10 Lutego;27;;Cukiernia;;Mieszkaniowa Wielorodzinna;6;;1930;Modernizm;2;;;google.com/maps;2;24.09.2026;
658;126596722;10 Lutego;23;;Bar,Handel Jubiler,Usługowy Zdrowie;;Mieszkaniowa Wielorodzinna;6;;1930;Artdeco;2;;;google.com/maps;2;24.09.2026;
659;260800783;;;;Garaż;;;1;;1980;Współczesność;2;;;google.com/maps;2;24.09.2026;
660;260800557;10 Lutego;31;;Nieużytek;;Nieużytek;2;;1950;Modernizm;2;;;google.com/maps;1;24.09.2026;
661;126596721;10 Lutego;21;;Przychodnia, Kawiarnia;;Mieszkaniowa Wielorodzinna;6;;1930;Artdeco;2;;;google.com/maps;2;24.09.2026;
662;260800615;10 Lutego;11;;Centrum Handlowe;;Centrum Handlowe;6;;1990;Nowożytność;3;;;google.com/maps;3;27.09.2026;
663;260800702;;;;;;;;;;;;;;;;;
664;260800600;;;;;;;;;;;;;;google.com/maps;;;
665;260800674;10 Lutego;11;;Centrum Handlowe;;Centrum Handlowe;6;;1990;Współczesność;3;;;google.com/maps;3;27.09.2026;
666;260800654;10 Lutego;19;;Piekarnia;;;1;;1920;Klasycyzm;3;;;google.com/maps;2;24.09.2026;
667;260800914;10 Lutego;27;;Cukiernia;;;1;;1930;Modernizm;2;;;google.com/maps;2;24.09.2026;
668;125988090;Władysława IV;32;;Handlowa Kwiaty,Żabka;;Mieszkaniowa Wielorodzinna;11;;1980;Współczesność;2;;;google.com/maps;2;24.09.2026;
669;260800829;Władysława IV;32;;Handlowa Kwiaty,Żabka;;Mieszkaniowa Wielorodzinna;11;;1980;Współczesność;2;;;google.com/maps;2;24.09.2026;
670;260800824;3 Maja;28;;Klub Muzyczny;;Klub Muzyczny;2;;1930;Klasycyzm;3;;;google.com/maps;2;24.09.2026;
671;126341122;10 Lutego;9;;Delikatesy;;Delikatesy;2;;1930;Klasycyzm;2;;;google.com/maps;2;27.09.2026;
672;260800733;;;;Garaż;;;1;;1980;Współczesność;2;;;google.com/maps;2;24.09.2026;
673;260800587;10 Lutego;11;;Centrum Handlowe;;;1;;1990;Współczesność;3;;;google.com/maps;3;27.09.2026;
674;260800828;10 Lutego;27;;Cukiernia;;;1;;1930;Modernizm;2;;;google.com/maps;2;24.09.2026;
675;126596729;10 Lutego;29A;;Pensjonat;;Pensjonat;3;;1920;Klasycyzm;2;;;google.com/maps;2;27.09.2026;
676;169077889;;;;Garaż;;;1;;2000;Współczesność;2;;;google.com/maps;2;24.09.2026;
677;260800921;;;;Garaż;;;1;;1980;Współczesność;2;;;google.com/maps;2;24.09.2026;
678;126340881;10 Lutego;5;;Apteka,Żabka;;Biurowa;6;;1950;Modernizm;2;;;google.com/maps;2;27.09.2026;
679;260800806;;;;Garaż;;;1;;1980;Współczesność;2;;;google.com/maps;2;24.09.2026;
680;126596733;3 Maja;28;;Klub Muzyczny;;Klub Muzyczny;2;;1930;Klasycyzm;3;;;google.com/maps;2;24.09.2026;
681;260800930;;;;Garaż;;;1;;1980;Współczesność;2;;;google.com/maps;2;24.09.2026;
682;260800704;;;;;;;;;;;;;;;;;
683;126341120;Antoniego Abrahama;24;;Handlowa Ubrania,Restauracja,Jubiler,Perfumeria,Bukmacher;;Mieszkaniowa Wielorodzinna;3;;1930;Modernizm;2;;;google.com/maps;2;27.09.2026;
684;166409075;Aleja Jana Pawła II;12a;;Restauracja,Handel Pamiątki;;;1;;1990;Współczesność;3;;;google.com/maps;2;27.09.2026;
685;126357616;3 Maja;32;;Klub Muzyczny;;Klub Muzyczny;2;;1930;Klasycyzm;3;;;google.com/maps;2;24.09.2026;
686;166409078;Aleja Jana Pawła II;12b;;Restauracja,Handel Pamiątki;;;1;;1990;Współczesność;3;;;google.com/maps;2;27.09.2026;
687;260800641;;;;Garaż;;;1;;1980;Współczesność;2;;;google.com/maps;2;24.09.2026;
688;205937639;;;;Garaż;;;1;;1980;Współczesność;2;;;google.com/maps;2;24.09.2026;
689;166409077;Aleja Jana Pawła II;12c;;Restauracja,Handel Pamiątki;;;1;;1990;Współczesność;3;;;google.com/maps;2;27.09.2026;
690;260676285;;;;;;;;;;;;;;;;;
691;260800735;;;;Garaż;;;1;;1980;Współczesność;2;;;google.com/maps;2;24.09.2026;
692;227135327;;;;Garaż;;;1;;1980;Współczesność;2;;;google.com/maps;2;24.09.2026;
693;260676053;;;;;;;;;;;;;;;;;
694;260676277;;;;;;;;;;;;;;;;;
695;205304476;10 Lutego;5;;Żabka;;;1;;2000;Współczesność;2;;;google.com/maps;2;27.09.2026;
696;260800845;;;;;;;;;;;;;;;;;
697;126343898;Władysława IV;34;;Restauracja,Kancelaria Adwokacka;;Mieszkaniowa Wielorodzinna;11;;1980;Współczesność;2;;;google.com/maps;2;24.09.2026;
698;126340882;Antoniego Abrahama;23;;Bar,Pub,Piekarnia,Usługi Szefc;;Mieszkaniowa Wielorodzinna;4;;1950;Modernizm;2;;;google.com/maps;2;27.09.2026;
699;49803784;Aleja Jana Pawła II;2;;Restauracja;;Restauracj;2;;1970;Modernizm;3;;;google.com/maps;2;27.09.2026;
700;260800678;;;;Techniczna;;;1;;1980;Współczesność;2;;;google.com/maps;2;27.09.2026;
701;260800817;;;;Garaż;;;1;;1980;Współczesność;2;;;google.com/maps;2;24.09.2026;
702;260800949;;;;Garaż;;;1;;1980;Współczesność;2;;;google.com/maps;2;24.09.2026;
703;158334336;10 Lutego;11;;Centrum Handlowe;;Centrum Handlowe;6;;1990;Współczesność;3;;;google.com/maps;3;27.09.2026;
704;1483437271;3 Maja;27;;Restauracja,Urząd Miasta;;Mieszkaniowa Wielorodzinna;9;;1930;Modernizm;3;;;google.com/maps;2;24.09.2026;
705;265385591;Aleja Jana Pawła II;2;;Restauracja;;;1;;2000;Współczesność;2;;;google.com/maps;2;27.09.2026;
706;166408887;Aleja Jana Pawła II;2;;Restauracja;;;1;;2000;Współczesność;2;;;google.com/maps;2;27.09.2026;
707;260800645;;;;;;;;;;;;;;;;;
708;260800872;;;;Techniczna;;;1;;1980;Współczesność;2;;;google.com/maps;2;24.09.2026;
709;265385592;Aleja Jana Pawła II;2;;Restauracja;;;1;;2000;Współczesność;2;;;google.com/maps;2;24.09.2026;
710;260800820;Stefana Batorego;28-30;;Biurowa;;Biurowa;9;;1980;Postmodernizm;3;;;google.com/maps;2;24.09.2026;
711;126357614;Stefana Batorego;28-30;;Biurowa, Usługowa Medyczna;;Biurowa;9;;1980;Postmodernizm;3;;;google.com/maps;2;24.09.2026;
712;205937638;;;;Garaż;;;1;;1980;Współczesność;2;;;google.com/maps;2;24.09.2026;
713;260800830;10 Lutego;11;;Centrum Handlowe;;Centrum Handlowe;6;;1990;Współczesność;3;;;google.com/maps;3;27.09.2026;
714;126340883;Antoniego Abrahama;25;;Galeria Sztuki,Fryzjer;;Biurow Rachunkowe;4;;1930;Klasycyzm;2;;;google.com/maps;2;27.09.2026;
715;260800816;Stefana Batorego;28-30;;Biurowa, Usługowa Medyczna;;Biurowa;9;;1980;Postmodernizm;3;;;google.com/maps;2;24.09.2026;
716;126340879;Antoniego Abrahama;26;;Restauracja,Kebab;;Biurowa;5;;1950;Modernizm;2;;;google.com/maps;2;27.09.2026;
717;260676294;;;;;;;;;;;;;;;;;
718;260800753;;;;Techniczna;;;1;;2000;Współczesność;2;;;google.com/maps;2;24.09.2026;
719;125910033;Skwer Tadeusza Kościuszki;19;;Usługi Telekomunikacja;;Mieszkaniowa Wielorodzinna;9;;1940;Modernizm;2;;;google.com/maps;2;27.09.2026;
720;125925875;Świętojańska;17;;Lodziarnia,Żabka;;Mieszkaniowa Wielorodzinna;9;;1940;Modernizm;2;;;google.com/maps;3;27.09.2026;
721;125925811;Skwer Tadeusza Kościuszki;17;;Restauracja,Usługi Telekomunikacja;;Mieszkaniowa Wielorodzinna;9;;1940;Modernizm;2;;;google.com/maps;2;27.09.2026;
722;260800707;Władysława IV;36b;;Mieszkaniowa Wielorodzinna;;Mieszkaniowa Wielorodzinna;11;;1980;Współczesność;2;;;google.com/maps;2;24.09.2026;
723;125925810;Skwer Tadeusza Kościuszki;15;;Restauracja,Escape Room;;Mieszkaniowa Wielorodzinna;9;;1940;Modernizm;2;;;google.com/maps;2;27.09.2026;
724;126343897;Władysława IV;36;;Nieużytek;;Mieszkaniowa Wielorodzinna;11;;1980;Współczesność;2;;;google.com/maps;2;24.09.2026;
725;1226631779;Skwer Tadeusza Kościuszki;13;;Pustka;;Mieszkaniowa Wielorodzinna;7;;1940;Modernizm;3;;;google.com/maps;3;27.09.2026;
726;260800785;;;;;;;;;;;;;;google.com/maps;;;
727;260675963;Świętojańska;30;;Restauracja;;;2;;2000;Współczesność;3;;;google.com/maps;2;27.09.2026;
728;126343902;Stefana Batorego;20;;Usługi_Tatuaże;;Mieszkaniowa Wielorodzinna;6;;1950;Modernizm;2;;;google.com/maps;2;24.09.2026;
729;260676257;;;;;;;;;;;;;;;;;
730;260676232;;;;;;;;;;;;;;;;;
731;126343905;Stefana Batorego;24;;Mieszkaniowa Wielorodzinna;;Mieszkaniowa Wielorodzinna;6;;1950;Modernizm;2;;;google.com/maps;2;24.09.2026;
732;260676161;;;;;;;;;;;;;;;;;
733;260676291;;;;;;;;;;;;;;;;;
734;125925879;Świętojańska;19;;Handel Pamiątki;;Mieszkaniowa Wielorodzinna;9;;1940;Modernizm;2;;;google.com/maps;3;27.09.2026;
735;126340887;Antoniego Abrahama;27;;Kwiaciarnia,Usługi SerwisAGD;;Mieszkaniowa Wielorodzinna;6;;1930;Modernizm;2;;;google.com/maps;2;27.09.2026;
736;226083717;Świętojańska;30;;Informacja;;Informacja;3;;2000;Współczesność;3;;;google.com/maps;3;27.09.2026;
737;260676398;;;;Garaż;;;1;;1980;Współczesność;2;;;google.com/maps;3;27.09.2026;
738;260676224;Antoniego Abrahama;28;;Mieszkaniowa Wielorodzinna;;Mieszkaniowa Wielorodzinna;5;;1930;Modernizm;2;;;google.com/maps;2;27.09.2026;
739;260800913;10 Lutego;11;;Pustka;;Centrum Handlowe;6;;1990;Współczesność;3;;;google.com/maps;3;27.09.2026;
740;126340878;Antoniego Abrahama;28;;Usługi Medyczne,Usługi GSM,Handel Ubrania;;Mieszkaniowa Wielorodzinna;5;;1950;Modernizm;2;;;google.com/maps;2;27.09.2026;
741;260800964;10 Lutego;11;;Centrum Handlowe;;Centrum Handlowe;6;;1990;Współczesność;3;;;google.com/maps;3;27.09.2026;
742;260800717;;;;Garaż;;;1;;1980;Współczesność;2;;;google.com/maps;3;24.09.2026;
743;197167402;Stefana Batorego;4;;Piekarnia,Bank,Fryzjer;;Mieszkaniowa Wielorodzinna;7;;1950;Modernizm;2;;;google.com/maps;2;27.09.2026;
744;126340885;Antoniego Abrahama;28;;Pustka;;Mieszkaniowa Wielorodzinna;5;;1930;Modernizm;2;;;google.com/maps;2;27.09.2026;
745;260676339;Świętojańska;30;;Informacja;;Informacja;3;;2000;Współczesność;3;;;google.com/maps;3;27.09.2026;
746;260800959;Świętojańska;21;;Pub;;;1;;1940;Modernizm;2;;;google.com/maps;2;27.09.2026;
747;125925881;Świętojańska;21;;Pub,Restauracja;;Mieszkaniowa Wielorodzinna;4;;1940;Modernizm;2;;;google.com/maps;2;27.09.2026;
748;395960036;Skwer Tadeusza Kościuszki;13;;Bar,Fryzjer,Hostel;;Mieszkaniowa Wielorodzinna;11;;1940;Modernizm;3;;;google.com/maps;2;27.09.2026;
749;205121763;;;;Garaż;;;1;;1980;Współczesność;2;;;google.com/maps;3;27.09.2026;
750;255891589;;;;Garaż;;;1;;1980;Współczesność;2;;;google.com/maps;3;24.09.2026;
751;126116420;Antoniego Abrahama;29;;Handel Ubrania;;Kancelarnia Notarialna, Mieszkaniowa Wielorodzinna;6;;1930;Modernizm;2;;;google.com/maps;2;27.09.2026;
752;260800796;;;;Garaż;;;1;;1980;Współczesność;2;;;google.com/maps;3;24.09.2026;
753;260800628;Stefana Batorego;;;Techniczna;;;1;;1980;Współczesność;2;;;google.com/maps;2;24.09.2026;
754;126116373;Stefana Batorego;23;;Dentysta;;Biurowa;5;;1950;Modernizm;2;;;google.com/maps;2;24.09.2026;
755;126357612;;;;Garaż;;;1;;1980;Współczesność;2;;;google.com/maps;3;24.09.2026;
756;261459294;;;;Garaż;;;1;;1980;Współczesność;2;;;google.com/maps;3;24.09.2026;
757;1426045581;3 Maja;30;;Nieużytek;;Mieszkaniowa Wielorodzinna;7;;2020;Współczesność;3;;;google.com/maps;2;24.09.2026;
758;260676350;;;;Garaż;;;1;;1980;Współczesność;2;;;google.com/maps;3;27.09.2026;
759;260800856;;;;Garaż;;;1;;1980;Współczesność;2;;;google.com/maps;3;24.09.2026;
760;260676240;;;;Garaż;;;1;;1980;Współczesność;2;;;google.com/maps;3;27.09.2026;
761;594963940;Stefana Batorego;9;;Żabka,Usługi Medyczne;;Mieszkaniowa Wielorodzinna;7;;2020;Współczesność;3;;;google.com/maps;2;25.09.2026;
762;261459189;Świętojańska;23;;Bank,Restauracja,Księgarnia;;Mieszkaniowa Wielorodzinna;7;;1940;Modernizm;2;;;google.com/maps;2;27.09.2026;
763;260800862;;;;Garaż;;;1;;1980;Współczesność;2;;;google.com/maps;3;24.09.2026;
764;126171437;Świętojańska;32;;Drogeria;;Mieszkaniowa Wielorodzinna;6;;1930;Modernizm;2;;;google.com/maps;2;27.09.2026;
765;126343908;Armii Krajowej;46;Użyteczność publiczna;Kościół;;Kościół;2;;1960;Modernizm;3;;;google.com/maps;3;25.09.2026;
766;125910032;Zygmuntowska;4;;Restauracja;;Mieszkaniowa Wielorodzinna;8;;1940;Modernizm;3;;;google.com/maps;2;27.09.2026;
767;1322588532;Skwer Tadeusza Kościuszki;13;;Pustka;;Mieszkaniowa Wielorodzinna;7;;1940;Modernizm;3;;;google.com/maps;3;27.09.2026;
768;205937637;;;;Garaż;;;1;;1980;Współczesność;2;;;google.com/maps;3;24.09.2026;
769;260800814;;;;Bar;;;1;;1980;Współczesność;2;;;google.com/maps;3;24.09.2026;
770;205304480;;;;Garaż;;;1;;1980;Współczesność;2;;;google.com/maps;3;24.09.2026;
771;517888440;Stefana Batorego;7;;Usługi Medyczne;;Mieszkaniowa Wielorodzinna;7;;2020;Współczesność;3;;;google.com/maps;3;25.09.2026;
772;166016908;3 Maja;;;Garaż;;;1;;1980;Współczesność;2;;;google.com/maps;3;24.09.2026;
773;1226473535;;;;Parkingowa;;;1;;2000;Współczesność;2;;;google.com/maps;3;27.09.2026;
774;49803787;Aleja Jana Pawła II;1;;Muzeum,Biurowa;;Muzeum,Biurowa;4;;1970;Modernizm;2;;;google.com/maps;3;27.09.2026;
775;260676102;;;;;;;;;;;;;;;;;
776;126171438;Świętojańska;34;;Handlowa_Ubrania,Jubiler,Lody;;Mieszkaniowa Wielorodzinna;6;;1930;Klasycyzm;2;;;google.com/maps;2;27.09.2026;
777;125988091;Władysława IV;38;;Usługowa Madyczna,Fryzjer,Drogeria,Handlowa Nieruchomości;;Mieszkaniowa Wielorodzinna;6;;1930;Klasycyzm;2;;;google.com/maps;3;25.09.2026;
778;260800854;;;;Garaż;;;1;;1980;Współczesność;2;;;google.com/maps;3;24.09.2026;
779;1354786298;;;;;;;;;;;;;;google.com/maps;;;
780;260676308;;;;;;;;;;;;;;;;;
781;260676210;Armii Krajowej;46;;Kościół;;;1;;1960;Modernizm;2;;;google.com/maps;3;25.09.2026;
782;594963939;;;;Garaż;;;1;;1980;Współczesność;2;;;google.com/maps;3;25.09.2026;
783;399194268;Hilarego Jastaka;;;Przychodnia;;;1;;1980;Współczesność;1;;;google.com/maps;2;25.09.2026;
784;260676041;;;;Garaż;;;1;;1980;Współczesność;2;;;google.com/maps;2;27.09.2026;
785;49803779;Aleja Jana Pawła II;3;;Uniwersytet,Planetarium;;Uniwersytet,Planetarium;5;;1950;Modernizm;3;;;google.com/maps;3;27.09.2026;
786;281417038;Aleja Jana Pawła II;1;;Muzeum;;;1;;1970;Modernizm;2;;;google.com/maps;3;27.09.2026;
787;260676361;;;;;;;;;;;;;;;;;
788;260676026;;;;;;;;;;;;;;;;;
789;260676092;;;;;;;;;;;;;;;;;
790;166016909;3 Maja;;;Garaż;;;1;;1980;Współczesność;2;;;google.com/maps;2;24.09.2026;
791;126106131;Antoniego Abrahama;37;;Biedronka;;Biedronka;2;;1980;Współczesność;2;;;google.com/maps;3;27.09.2026;
792;201757584;Armii Krajowej;46;;Szkoła Wyższa;;Szkoła Wyższa;5;;1980;Współczesność;2;;;google.com/maps;3;25.09.2026;
793;260675986;;;;;;;;;;;;;;;;;
794;126343953;Armii Krajowej;46;;Uczelnia;;Uczelnia;3;;1980;Współczesność;2;;;google.com/maps;3;25.09.2026;
795;399194270;Armii Krajowej;44;;Przychodnia;;;1;;1980;Współczesność;2;;;google.com/maps;3;25.09.2026;
796;260676312;Armii Krajowej;;;Pustka;;Uczelnia;1;;1980;Współczesność;2;;;google.com/maps;3;25.09.2026;
797;260676192;Antoniego Abrahama;37;;Biedronka;;Biedronka;2;;1980;Współczesność;2;;;google.com/maps;3;27.09.2026;
798;126171439;Świętojańska;36;;Pizzeria;;Mieszkaniowa Wielorodzinna;7;;1940;Modernizm;2;;;google.com/maps;2;27.09.2026;
799;125988092;Armii Krajowej;44;;Przychodnia;;Przychodnia;6;;1980;Nowożytność;2;;;google.com/maps;3;25.09.2026;
800;265385595;Aleja Jana Pawła II;9;;Szkoła Żeglarska;;;1;;2000;Nowożytność;2;;;google.com/maps;2;27.09.2026;
801;126326096;Armii Krajowej;26;Użyteczność publiczna;Sanktuarium;;Sanktuarium;2;;1980;Postmodernizm;3;;;google.com/maps;2;30.09.2026;
802;260676047;Świętojańska;36;;Pizzeria;;Mieszkaniowa Wielorodzinna;7;;1940;Modernizm;2;;;google.com/maps;2;27.09.2026;
803;1354786288;;;;Nieużytek;;;2;;1950;Modernizm;1;;;google.com/maps;2;27.09.2026;
804;1354786287;;;;Nieużytek;;;2;;1950;Modernizm;1;;;google.com/maps;2;27.09.2026;
805;167832079;Aleja Jana Pawła II;9;;Restauracja;;;1;;2000;Współczesność;2;;;google.com/maps;2;27.09.2026;
806;126340877;Antoniego Abrahama;39;;Kawiarnia;;Mieszkaniowa Wielorodzinna;6;;1930;modernizm;2;;;google.com/maps;2;27.09.2026;
807;168341482;Aleja Jana Pawła II;9;;Szkoła Żeglarska;;;1;;2000;Współczesność;2;;;google.com/maps;2;27.09.2026;
808;1410735010;Aleja Jana Pawła II;9;;Szkoła Żeglarska;;;1;;2000;Współczesność;2;;;google.com/maps;2;27.09.2026;
809;126343917;Armii Krajowej;38-42;;Usługi Medyczne,Fryzjer;;Mieszkaniowa Wielorodzinna;6;;1930;Klasycyzm;2;;;google.com/maps;2;25.09.2026;
810;260800795;;;;Pustka;;Mieszkaniowa Wielorodzinna;5;;1980;Współczesność;2;;;google.com/maps;2;25.09.2026;
811;126171440;Świętojańska;38;;Handel Różności,Cukiernia;;Mieszkaniowa Wielorodzinna;6;;1940;Modernizm;2;;;google.com/maps;2;27.09.2026;
812;260675861;Antoniego Abrahama;39;;Restauracja;;Hotel;6;;1920;Klasycyzm;3;;;google.com/maps;2;30.09.2026;
813;126106136;3 Maja;36;;Mieszkaniowa Wielorodzinna;;Mieszkaniowa Wielorodzinna;11;;1980;Współczesność;3;;;google.com/maps;2;24.09.2026;
814;205304481;;;;Techniczne;;;1;;1980;Współczesność;2;;;google.com/maps;2;30.09.2026;
815;49869952;Armii Krajowej;22;;Hotel;;Hotel;13;;2000;Współczesność;3;;;google.com/maps;2;30.09.2026;
816;205304477;;;;Techniczne;;;1;;1980;Współczesność;2;;;google.com/maps;2;30.09.2026;
817;1355047259;;;;;;;;;;;;;;google.com/maps;;;
818;260676246;;;;;;;;;;;;;;google.com/maps;;;
819;126326097;Świętojańska;29;Użyteczność publiczna;Kościół;;;1;;1930;Klasycyzm;3;;;google.com/maps;2;30.09.2026;
820;260676222;;;;;;;;;;;;;;google.com/maps;;;
821;260676167;;;;;;;;;;;;;;google.com/maps;;;
822;125910035;Świętojańska;40;;Lombard,Tatułaż,Nieużytek;;Mieszkaniowa Wielorodzinna;4;;1930;Modernizm;4;;;google.com/maps;2;30.09.2026;
823;260676298;;;;;;;;;;;;;;google.com/maps;;;
824;260676324;;;;;;;;;;;;;;google.com/maps;;;
825;260676215;;;;;;;;;;;;;;google.com/maps;;;
826;260676062;;;;;;;;;;;;;;google.com/maps;;;
827;260676031;;;;;;;;;;;;;;google.com/maps;;;
828;939355859;;;;;;;;;;;;;;;;;
829;126340876;Antoniego Abrahama;41;;Kawiarnia,Restauracja,GSM,Handel Medyczny,Handel Vape;;Mieszkaniowa Wielorodzinna;6;;1930;Modernizm;3;;;google.com/maps;2;30.09.2026;
830;166016907;Armii Krajowej;35;;Centrum Medyczne Rehabilitacja;;;1;;1980;Współczesność;2;;;google.com/maps;2;24.09.2026;
831;260676009;Armii Krajowej;26;;Przedszkole;;Przedszkole;3;;1930;Klasycyzm;3;;;google.com/maps;2;30.09.2026;
832;168341483;;;;Szkoła Żeglarska;;;1;;2000;Współczesność;2;;;google.com/maps;2;30.09.2026;
833;126116367;Armii Krajowej;35;;Mieszkaniowa Wielorodzinna;;Mieszkaniowa Wielorodzinna;6;;1950;Modernizm;3;;;google.com/maps;2;24.09.2026;
834;126343923;Armii Krajowej;33;;Mieszkaniowa Wielorodzinna;;Mieszkaniowa Wielorodzinna;6;;1950;Modernizm;3;;;google.com/maps;2;24.09.2026;
835;126171452;Armii Krajowej;32;;Pustka;;Mieszkaniowa Wielorodzinna;5;;1930;Modernizm;3;;;google.com/maps;2;30.09.2026;
836;126326099;Armii Krajowej;30;;Żabka;;Uczelnia;6;;1930;Modernizm;2;;;google.com/maps;2;30.09.2026;
837;126343922;Armii Krajowej;31;;Mieszkaniowa Wielorodzinna;;Mieszkaniowa Wielorodzinna;6;;1950;Modernizm;3;;;google.com/maps;2;24.09.2026;
838;205276951;;;;Garaż;;;1;;1980;Współczesność;3;;;google.com/maps;2;30.09.2026;
839;126343919;Armii Krajowej;29;;Mieszkaniowa Wielorodzinna;;Mieszkaniowa Wielorodzinna;6;;1950;Modernizm;3;;;google.com/maps;2;24.09.2026;
840;126326098;Armii Krajowej;28;;Starbucks,Handel Ubrania;;Notariusz,Mieszkaniowa Wielorodzinna;6;;1930;Modernizm;2;;;google.com/maps;2;30.09.2026;
841;167832076;;;;Restauracja;;;1;;2000;Współczesność;2;;;google.com/maps;2;30.09.2026;
842;126117736;Armii Krajowej;26;;Księgarnia;;Szkoła Parafialna;5;;1950;Modernizm;2;;;google.com/maps;2;30.09.2026;
843;260675982;Armii Krajowej;26;;Garaż;;;1;;1930;Klasycyzm;2;;;google.com/maps;2;30.09.2026;
844;260675863;Armii Krajowej;26;;Księgarnia;;Szkoła Parafialna;5;;1950;Modernizm;2;;;google.com/maps;2;30.09.2026;
845;260676008;Armii Krajowej;26;;Szkoła Parafialna;;Szkoła Parafialna;5;;1930;Klasycyzm;2;;;google.com/maps;2;30.09.2026;
846;667867704;Armii Krajowej;27;;Biurowa;;Biurowa;1;;2020;Współczesność;3;;;google.com/maps;2;24.09.2026;
847;166409759;;;;Kawiarnia;;;1;;2000;Współczesność;2;;;google.com/maps;2;30.09.2026;
848;126117735;Armii Krajowej;24;;Urząd Miasta,Biurowa;;Biurowa;7;;1930;Art. Deco;3;;;google.com/maps;2;30.09.2026;
849;126106137;3 Maja;38;;Mieszkaniowa Wielorodzinna;;Mieszkaniowa Wielorodzinna;11;;1980;Współczesność;3;;;google.com/maps;2;24.09.2026;
850;260676266;;;;;;;;;;;;;;google.com/maps;;;
851;227135328;Armii Krajowej;25;;Pustka;;Mieszkaniowa Wielorodzinna;5;;1950;Modernizm;2;;;google.com/maps;2;27.09.2026;
852;126340028;Armii Krajowej;25;;Optyk;;Mieszkaniowa Wielorodzinna;6;;1950;Modernizm;3;;;google.com/maps;2;27.09.2026;
853;126326100;Armii Krajowej;23;;Usługi Komis;;Mieszkaniowa Wielorodzinna;6;;1950;Modernizm;2;;;google.com/maps;2;27.09.2026;
854;126340027;Armii Krajowej;25A;;Optyk;;Mieszkaniowa Wielorodzinna;6;;1950;Modernizm;3;;;google.com/maps;2;27.09.2026;
855;126106128;Armii Krajowej;25B;;Optyk;;Mieszkaniowa Wielorodzinna;6;;1950;Modernizm;3;;;google.com/maps;2;27.09.2026;
856;126326101;Armii Krajowej;21;;Restauracja,Jubiler;;Mieszkaniowa Wielorodzinna;6;;1930;Modernizm;3;;;google.com/maps;2;27.09.2026;
857;260676223;;;;;;;;;;;;;;google.com/maps;;;
858;260676191;;;;;;;;;;;;;;google.com/maps;;;
859;260676187;;;;;;;;;;;;;;google.com/maps;;;
860;260676042;;;;;;;;;;;;;;google.com/maps;;;
861;260676247;;;;;;;;;;;;;;google.com/maps;;;
862;260676226;;;;;;;;;;;;;;google.com/maps;;;
863;205231762;;;;Techniczne;;;1;;1980;Współczesność;1;;;google.com/maps;3;27.09.2026;
864;260676173;;;;;;;;;;;;;;google.com/maps;;;
865;260676325;Armii Krajowej;13;;Pustka;;Mieszkaniowa Wielorodzinna;5;;1930;Modernizm;2;;;google.com/maps;2;30.09.2026;
866;126171447;Świętojańska;44;;Handel Ubrania,Lodziarnia,Usługi Zdrowotne;;Biurowa;6;;1930;Modernizm;3;;;google.com/maps;2;27.09.2026;
867;126171453;Armii Krajowej;13;;Kawiarnia;;Mieszkaniowa Wielorodzinna;5;;1930;Modernizm;2;;;google.com/maps;2;30.09.2026;
868;441181427;3 Maja;37;;Mieszkaniowa Wielorodzinna;;Mieszkaniowa Wielorodzinna;6;;1950;Modernizm;2;;;google.com/maps;2;24.09.2026;
869;260676395;Armii Krajowej;9;;Nieużytek;;;1;;1930;Modernizm;2;;;google.com/maps;3;27.09.2026;
870;126326103;Armii Krajowej;11;;Handel Ubrania;;Mieszkaniowa Wielorodzinna;6;;1930;Modernizm;2;;;google.com/maps;2;30.09.2026;
871;126340024;Antoniego Abrahama;36;;Handel Nieruchomości,Usługi Komis;;;6;;1940;Modernizm;2;;;google.com/maps;2;27.09.2026;
872;260676233;;;;;;;;;;;;;;google.com/maps;;;
873;260676196;;;;;;;;;;;;;;google.com/maps;;;
874;126117737;Świętojańska;33;;Restauracja,Kebab,Kawiarnia,Księgarnia,Handel Ubrania;;Mieszkaniowa Wielorodzinna;6;;1930;Modernizm;2;;;google.com/maps;2;30.09.2026;
875;126326102;Armii Krajowej;9;;Nieużytek;;Mieszkaniowa Wielorodzinna;6;;1930;Modernizm;2;;;google.com/maps;3;27.09.2026;
876;890302407;Obrońców Wybrzeża;8;;Centrum Medyczne Chirurgia,Pilates;;Mieszkaniowa Wielorodzinna;9;;2020;Współczesność;3;;;google.com/maps;2;24.09.2026;
877;260676015;;;;;;;;;;;;;;google.com/maps;;;
878;126106129;Antoniego Abrahama;45;;Bar,Laboratorium Medyczne,Usługi Techniczne,Handel_Medyczne;;Mieszkaniowa Wielorodzinna;5;;1950;Modernizm;2;;;google.com/maps;2;27.09.2026;
879;355444055;Plac Grunwaldzki;2;;Pustka;;Kino;3;;2020;Współczesność;3;;;google.com/maps;3;27.09.2026;
880;260800670;;;;;;;;;;;;;;google.com/maps;;;
881;126340021;Antoniego Abrahama;38;;Nieużytek;;Mieszkaniowa Wielorodzinna;6;;1950;Modernizm;2;;;google.com/maps;2;27.09.2026;
882;205231774;;;;Garaż;;;1;;1980;Współczesność;2;;;google.com/maps;3;27.09.2026;
883;205231742;;;;Techniczna;;;1;;1980;Współczesność;2;;;google.com/maps;2;30.09.2026;
884;166410217;;;;Klub Jachtowy;;Klub Jachtowy;2;;1980;Współczesność;2;;;google.com/maps;2;30.09.2026;
885;260676193;;;;;;;;;;;;;;google.com/maps;;;
886;126171446;Świętojańska;46;;Żabka,Restauracja;;Biurowa;6;;1930;Modernizm;2;;;google.com/maps;2;27.09.2026;
887;260800801;;;;;;;;;;;;;;google.com/maps;;;
888;205231781;;;;Garaż;;;1;;1980;Współczesność;2;;;google.com/maps;3;27.09.2026;
889;260676156;;;;;;;;;;;;;;google.com/maps;;;
890;260675979;;;;;;;;;;;;;;google.com/maps;;;
891;260675990;;;;Garaż;;;1;;1980;Współczesność;2;;;google.com/maps;3;27.09.2026;
892;126326109;Plac Grunwaldzki;16;;Mieszkaniowa Wielorodzinna;;Mieszkaniowa Wielorodzinna;6;;1940;Modernizm;3;;;google.com/maps;2;27.09.2026;
893;260676033;;;;;;;;;;;;;;google.com/maps;;;
894;126171639;Świętojańska;37;;Handel Ubrania;;Mieszkaniowa Wielorodzinna;6;;1930;Modernizm;2;;;google.com/maps;2;30.09.2026;
895;126340019;Antoniego Abrahama;40;;Fryzjer,Restauracja;;Mieszkaniowa Wielorodzinna;6;;1950;Modernizm;2;;;google.com/maps;2;27.09.2026;
896;126171445;Świętojańska;48;;Restauracja,Nieużytek;;Mieszkaniowa Wielorodzinna;5;;1930;Modernizm;3;;;google.com/maps;2;27.09.2026;
897;199472841;;;;Garaż;;;1;;1980;Współczesność;2;;;google.com/maps;3;24.09.2026;
898;205231778;;;;Garaż;;;1;;1980;Współczesność;2;;;google.com/maps;3;27.09.2026;
899;333420869;Plac Grunwaldzki;2;;Galeria Sztuki,Restauracja;;Kino;3;;2020;Współczesność;3;;;google.com/maps;3;27.09.2026;
900;890302404;Władysława IV;42;;Kawiarnia,Restauracja,Bank,Aldi,Żabka,Handel Meble;;Mieszkaniowa Wielorodzinna;7;;2020;Współczesność;3;;;google.com/maps;2;24.09.2026;
901;126340010;Antoniego Abrahama;49;;Usługi Masażu;;Mieszkaniowa Wielorodzinna;6;;1940;Modernizm;2;;;google.com/maps;2;27.09.2026;
902;205231776;;;;Garaż;;;1;;1980;Współczesność;2;;;google.com/maps;3;27.09.2026;
903;126326108;Plac Grunwaldzki;18;;Kancelaria_Adwokacka;;Mieszkaniowa Wielorodzinna;5;;1940;Modernizm;2;;;google.com/maps;2;27.09.2026;
904;205231790;;;;Garaż;;;1;;1980;Współczesność;2;;;google.com/maps;3;27.09.2026;
905;126340017;Antoniego Abrahama;42;;Usługi Taniec;;Mieszkaniowa Wielorodzinna;6;;1950;Modernizm;2;;;google.com/maps;2;27.09.2026;
906;126171638;Świętojańska;39;;Handlowa Odzież,Nieużytek;;Mieszkaniowa Wielorodzinna;6;;1930;Modernizm;3;;;google.com/maps;2;27.09.2026;
907;126171444;Świętojańska;50;;Nieużytek;;Mieszkaniowa Wielorodzinna;5;;1930;Modernizm;1;;;google.com/maps;2;27.09.2026;
908;260800692;;;;Nieużytek;;;1;;1930;Modernizm;1;;;google.com/maps;2;27.09.2026;
909;126171454;Józefa Wybickiego;3;;Restauracja,Dentysta;;Mieszkaniowa Wielorodzinna;6;;1950;Modernizm;2;;;google.com/maps;2;27.09.2026;
910;260800944;Antoniego Abrahama;49;;Solarium,Pole Dance;;Mieszkaniowa Wielorodzinna;6;;1950;Modernizm;2;;;google.com/maps;2;27.09.2026;
911;126340015;Antoniego Abrahama;44;;Optyk,Handel Plastyka;;Mieszkaniowa Wielorodzinna;6;;1950;Modernizm;2;;;google.com/maps;2;27.09.2026;
912;126326107;Plac Grunwaldzki;20;;Mieszkaniowa Wielorodzinna;;Mieszkaniowa Wielorodzinna;6;;1950;Modernizm;2;;;google.com/maps;2;27.09.2026;
913;441181429;Obrońców Wybrzeża;;;Centrum Medyczne Estetycznej,Dentysta;;Mieszkaniowa Wielorodzinna;5;;1950;Modernizm;3;;;google.com/maps;2;24.09.2026;
914;126171443;Świętojańska;52;;Cukiernia,Restauracja,Biuro Podróży;;Mieszkaniowa Wielorodzinna;5;;1930;Modernizm;2;;;google.com/maps;2;27.09.2026;
915;49869951;Plac Grunwaldzki;1;Użyteczność publiczna;Teatr Muzyczny;;Teatr Muzyczny;5;;1950;Modernizm;3;;;google.com/maps;3;26.09.2026;
916;126340013;Antoniego Abrahama;46A;;Bank;;Mieszkaniowa Wielorodzinna;7;;1950;Modernizm;2;;;google.com/maps;2;27.09.2026;
917;595016182;;;;Lodziarnia;;;1;;2000;Współczesność;2;;;google.com/maps;2;30.09.2026;
918;166410680;;;;Restauracja;;;1;;2000;Współczesność;3;;;google.com/maps;2;30.09.2026;
919;166414687;;;;Usługi Ratownicze,WC;;;1;;2000;Współczesność;3;;;google.com/maps;2;30.09.2026;
920;126340032;Antoniego Abrahama;46;;Bank;;Mieszkaniowa Wielorodzinna;7;;1950;Modernizm;2;;;google.com/maps;2;27.09.2026;
921;126117739;Świętojańska;41;;Cukiernia,Galeria Sztuki,Usługi Zegarmistrz,Epapierosy;;;6;;1930;Modernizm;3;;;google.com/maps;2;27.09.2026;
922;260800571;Świętojańska;54;;Handel Ubrania,Jubiler;;Mieszkaniowa Wielorodzinna;6;;1930;Klasycyzm;2;;;google.com/maps;2;27.09.2026;
923;355444058;;;;Infrastruktura;;;1;;2020;Współczesność;3;;;google.com/maps;3;27.09.2026;
924;1431046090;Plac Grunwaldzki;1;;Klub Nocny;;Klub Nocny;2;;1920;Klasycyzm;3;;;google.com/maps;3;26.09.2026;
925;206328518;Plac Grunwaldzki;1;;Klub Nocny;;Klub Nocny;2;;1920;Klasycyzm;3;;;google.com/maps;3;26.09.2026;
926;126340030;Antoniego Abrahama;46B;;Restauracja,Bank;;Mieszkaniowa Wielorodzinna;7;;1950;Modernizm;2;;;google.com/maps;2;27.09.2026;
927;515933337;Świętojańska;43;;Centrum Medyczne,Fryzjer,Restauracja,Rossman;;Hotel;6;;2020;Współczesność;3;;;google.com/maps;2;27.09.2026;
928;595016178;;;;Techniczne;;;1;;2000;Współczesność;3;;;google.com/maps;3;26.09.2026;
929;167832197;;;Gastronomia;Lodziarnia;;;1;;2000;Współczesność;3;;;google.com/maps;3;30.09.2026;
930;226106475;Antoniego Abrahama;51;;Pustka;;Mieszkaniowa Wielorodzinna;5;;1950;Modernizm;2;;;google.com/maps;2;27.09.2026;
931;126106130;Antoniego Abrahama;51;;Delikatesy;;Mieszkaniowa Wielorodzinna;6;;1950;Modernizm;2;;;google.com/maps;2;27.09.2026;
932;126340009;Antoniego Abrahama;51B;;Żabka;;Mieszkaniowa Wielorodzinna;6;;1950;Modernizm;2;;;google.com/maps;2;27.09.2026;
933;126171442;Świętojańska;56;;Usługi Medyczne,Kiosk,Jubiler,Kawiarnia;;Mieszkaniowa Wielorodzinna;6;;1930;Modernizm;2;;;google.com/maps;2;27.09.2026;
934;126340008;Antoniego Abrahama;51A;;Dentysta;;Mieszkaniowa Wielorodzinna;6;;1950;Modernizm;2;;;google.com/maps;2;27.09.2026;
935;205231755;Antoniego Abrahama;51A;;Techniczne;;;1;;1980;Współczesność;2;;;google.com/maps;2;27.09.2026;
936;183360059;;;;Techniczne;;;1;;2000;Współczesność;3;;;google.com/maps;3;26.09.2026;
937;183360062;;;;Garaż;;;1;;1980;Współczesność;2;;;google.com/maps;3;26.09.2026;
938;183360061;;;;Garaż;;;1;;1980;Współczesność;2;;;google.com/maps;3;26.09.2026;
939;183360060;;;;Garaż;;;1;;1980;Nowożytność;2;;;google.com/maps;3;26.09.2026;
940;126340852;Obrońców Wybrzeża;11;;Dentysta,Laboratorium Medyczne,Złotnik,Usługi Media;;Mieszkaniowa Wielorodzinna;6;;1950;Modernizm;2;;;google.com/maps;2;27.09.2026;
941;126116361;Antoniego Abrahama;48B;;Handel Plastyczny;;Mieszkaniowa Wielorodzinna;6;;1950;Modernizm;2;;;google.com/maps;3;30.09.2026;
942;126106124;Antoniego Abrahama;48A;;Handel Plastyczny,Bank;;Mieszkaniowa Wielorodzinna;6;;1950;Modernizm;2;;;google.com/maps;3;30.09.2026;
943;126340861;Antoniego Abrahama;48C;;Sklep Spożywczy,Apteka Gemini;;Mieszkaniowa Wielorodzinna;6;;1950;Modernizm;2;;;google.com/maps;2;30.09.2026;
944;515933335;Świętojańska;45;;Sklep Papierniczy,Cukiernia,Optyk,Lidl;;Mieszkaniowa Wielorodzinna;6;;2020;Współczesność;3;;;google.com/maps;2;27.09.2026;
945;126106125;Obrońców Wybrzeża;3;;Mieszkaniowa Wielorodzinna;;Mieszkaniowa Wielorodzinna;6;;1950;Modernizm;3;;;google.com/maps;2;30.09.2026;
946;205231786;Obrońców Wybrzeża;1;;Restauracja;;;1;;1980;Współczesność;2;;;google.com/maps;2;30.09.2026;
947;126340856;Obrońców Wybrzeża;1;;Przychodnia Lekarska;;Mieszkaniowa Wielorodzinna;6;;1950;Modernizm;2;;;google.com/maps;2;30.09.2026;
948;421766942;Obrońców Wybrzeża;13;;Mieszkaniowa Wielorodzinna;;Mieszkaniowa Wielorodzinna;5;;1950;Modernizm;2;;;google.com/maps;2;27.09.2026;
949;260800640;Świętojańska;47;;Restauracja,Bank;;Mieszkaniowa Wielorodzinna;6;;1930;Modernizm;2;;;google.com/maps;2;27.09.2026;
950;126171448;Świętojańska;60;;Handel_Wielobranżowy;;Biurowa;6;;1930;Modernizm;2;;;google.com/maps;2;27.09.2026;
951;126261963;Antoniego Abrahama;50;;Handel Gry,Usługi Uroda;;Mieszkaniowa Wielorodzinna;6;;1950;Modernizm;3;;;google.com/maps;2;30.09.2026;
952;260800651;Świętojańska;47;;Restauracja,Bank;;Mieszkaniowa Wielorodzinna;6;;1930;Modernizm;2;;;google.com/maps;2;27.09.2026;
953;126171641;Świętojańska;47;;Restauracja,Bank;;Mieszkaniowa Wielorodzinna;6;;1930;Modernizm;2;;;google.com/maps;2;27.09.2026;
954;206371357;;;;Techniczne;;;1;;1980;Współczesność;2;;;google.com/maps;3;30.09.2026;
955;260800663;Świętojańska;47;;Restauracja,Bank;;;1;;1930;Modernizm;2;;;google.com/maps;2;27.09.2026;
956;260800968;;;;Mieszkaniowa Jednorodzinna;;Mieszkaniowa Jednorodzinna;1;;1980;Współczesność;2;;;google.com/maps;1;30.09.2026;
957;126106126;Antoniego Abrahama;55;;MOPS;;MOPS;2;;1950;Modernizm;1;;;google.com/maps;2;30.09.2026;
958;126261962;Antoniego Abrahama;52;;Handel Sztuka;;Mieszkaniowa Wielorodzinna;6;;1950;Modernizm;3;;;google.com/maps;2;30.09.2026;
959;126261950;Władysława IV;46;;Piekarnia,Żabka,Handel Medyczny,Centrum Medycyny naturalnej,Solarium,Handel Rowery,Skarbiec,Handel meble;;Mieszkaniowa Wielorodzinna;6;;1950;Modernizm;2;;;google.com/maps;2;27.09.2026;
960;222918079;;;;Techniczne;;;1;;1980;Współczesność;2;;;google.com/maps;2;27.09.2026;
961;126340006;;;;Garaż;;;1;;1980;Współczesność;2;;;google.com/maps;3;30.09.2026;
962;126171449;Świętojańska;62;;Restauracja,Kebab,Delikatesy;;Mieszkaniowa Wielorodzinna;6;;1930;Modernizm;2;;;google.com/maps;2;27.09.2026;
963;126171642;Świętojańska;49;;Kawiarnia;;Mieszkaniowa Wielorodzinna;6;;1930;Modernizm;2;;;google.com/maps;2;27.09.2026;
964;205231791;Świętojańska;62;;Delikatesy;;;1;;1930;Modernizm;2;;;google.com/maps;2;30.09.2026;
965;222918081;;;;Garaż;;;1;;1980;Nowożytność;2;;;google.com/maps;2;27.09.2026;
966;260800815;;;;Techniczne;;;1;;1980;Nowożytność;2;;;google.com/maps;2;30.09.2026;
967;126261961;Antoniego Abrahama;54;;Restauracja,Galeria Sztuki;;Mieszkaniowa Wielorodzinna;6;;1950;Modernizm;3;;;google.com/maps;2;30.09.2026;
968;260800838;Świętojańska;51;;Kebab;;;1;;1930;Modernizm;2;;;google.com/maps;2;27.09.2026;
969;126340007;Antoniego Abrahama;57;;Centrum Medyczne KLINIKA;;Centrum Medyczne KLINIKA;2;;1950;Modernizm;2;;;google.com/maps;2;30.09.2026;
970;126171643;Świętojańska;51;;Kebab,Piekarnia,Lombard;;Mieszkaniowa Wielorodzinna;6;;1930;Modernizm;2;;;google.com/maps;2;27.09.2026;
971;205231777;;;;Garaż;;;1;;1980;Współczesność;2;;;google.com/maps;3;27.09.2026;
972;222918080;;;;Garaż;;;1;;1980;Współczesność;1;;;google.com/maps;2;27.09.2026;
973;206371358;;;;Techniczne;;;1;;1980;Współczesność;2;;;google.com/maps;3;30.09.2026;
974;126171450;Świętojańska;64;;Nieużytek,Cukiernia,Lombard;;Mieszkaniowa Wielorodzinna;6;;1930;Modernizm;2;;;google.com/maps;2;27.09.2026;
975;205231757;;;;Garaż;;;1;;1980;Współczesność;2;;;google.com/maps;3;30.09.2026;
976;126261960;Antoniego Abrahama;56;;Restauracja;;Mieszkaniowa Wielorodzinna;6;;1950;Modernizm;2;;;google.com/maps;3;30.09.2026;
977;126106139;Franciszka Żwirki i Stanisława Wigury;14;;Pogotowie ;;Centrum Medyczne;3;;1950;Modernizm;2;;;google.com/maps;2;27.09.2026;
978;205231736;Świętojańska;66;;Handel Ubrania;;;1;;1930;Modernizm;2;;;google.com/maps;2;30.09.2026;
979;126261949;Władysława IV;48;;Centrum Medyczne,Handel;;Mieszkaniowa Wielorodzinna;6;;1950;Modernizm;2;;;google.com/maps;2;27.09.2026;
980;126171451;Świętojańska;66;;Handel Ubrania;;Biurowa;6;;1930;Modernizm;2;;;google.com/maps;2;30.09.2026;
981;205231771;;;;Garaż;;;1;;1980;Współczesność;2;;;google.com/maps;3;27.09.2026;
982;126261959;Antoniego Abrahama;58;;Bar Mleczny;;Mieszkaniowa Wielorodzinna;6;;1950;Modernizm;3;;;google.com/maps;3;30.09.2026;
983;125988085;Świętojańska;53;;Handel Ubrania;;Mieszkaniowa Wielorodzinna;5;;1930;Modernizm;3;;;google.com/maps;2;27.09.2026;
984;205231783;;;;;;;;;;;;;;google.com/maps;;;
985;126337111;Antoniego Abrahama;60;;Biblioteka;;Mieszkaniowa Wielorodzinna;6;;1950;Modernizm;3;;;google.com/maps;2;30.09.2026;
986;205231749;;;;;;;;;;;;;;google.com/maps;;;
987;205231738;Świętojańska;68;;Empik;;;1;;1930;Modernizm;2;;;google.com/maps;2;30.09.2026;
988;126106127;Franciszka Żwirki i Stanisława Wigury;8A;;Sklep Monopolowy,Handel Ubrania,Handel Chemia,Drukarnia,Fryzjer,Hazard;;Mieszkaniowa Wielorodzinna;5;;1950;Modernizm;2;;;google.com/maps;2;30.09.2026;
989;125910038;Świętojańska;68;;Empik;;Mieszkaniowa Wielorodzinna;6;;1930;Modernizm;2;;;google.com/maps;2;30.09.2026;
990;205231737;;;;Handel_Różności;;;1;;1980;Współczesność;2;;;google.com/maps;2;27.09.2026;
991;126337110;Franciszka Żwirki i Stanisława Wigury;6;;Empik;;Mieszkaniowa Wielorodzinna;6;;1930;Modernizm;2;;;google.com/maps;2;30.09.2026;
992;260800706;;;;Garaż;;;1;;1980;Współczesność;2;;;google.com/maps;3;27.09.2026;
993;260800927;;;;Garaż;;;1;;1980;Współczesność;2;;;google.com/maps;3;27.09.2026;
994;260800501;Świętojańska;55;;Lumpeks,Usługi_Medyczne;;Biurowa;6;;1930;Modernizm;2;;;google.com/maps;2;27.09.2026;
995;260800721;;;;;;;;;;;;;;google.com/maps;;;
996;205231751;;;;Techniczne;;;1;;1980;Współczesność;1;;;google.com/maps;2;30.09.2026;
997;126337108;Franciszka Żwirki i Stanisława Wigury;2A;;Usługowa_Medyczne;;Mieszkaniowa Wielorodzinna;7;;1930;Modernizm;2;;;google.com/maps;2;27.09.2026;
998;126337109;Franciszka Żwirki i Stanisława Wigury;2;;Biurowa;;Biurowa;5;;1930;Modernizm;2;;;google.com/maps;2;27.09.2026;
999;126106123;Antoniego Abrahama;62;;Żabka;;Mieszkaniowa Wielorodzinna;7;;1930;Modernizm;2;;;google.com/maps;2;03.09.2026;
1000;1422428082;;;;;;;;;;;;;;google.com/maps;;;
1001;126337106;Franciszka Żwirki i Stanisława Wigury;9;;Usługi Wycieczki;;Mieszkaniowa Wielorodzinna;6;;1930;Modernizm;2;;;google.com/maps;2;29.09.2026;
1002;260621009;Władysława IV;50;;Spółdzielnia Mieszkaniowa;;;1;;1980;Współczesność;2;;;google.com/maps;2;27.09.2026;
1003;260800827;Antoniego Abrahama;62;;Handel Techniczne;;;1;;1980;Współczesność;2;;;google.com/maps;2;30.09.2026;
1004;126337105;Franciszka Żwirki i Stanisława Wigury;7;;Solarium,Sklep Spożywczy,Usługi Nieruchomości;;Mieszkaniowa Wielorodzinna;6;;1930;Modernizm;2;;;google.com/maps;2;29.09.2026;
1005;126106122;Antoniego Abrahama;59;;Usługi Społeczne;;Mieszkaniowa Wielorodzinna;5;;1930;Modernizm;2;;;google.com/maps;2;29.09.2026;
1006;164467209;Franciszka Żwirki i Stanisława Wigury;15;;Nieużytek;;Nieużytek;3;;1980;Współczesność;1;;;google.com/maps;2;27.09.2026;
1007;125988086;Antoniego Abrahama;64;;Nieużytek;;Mieszkaniowa Wielorodzinna;6;;1940;Modernizm;2;;;google.com/maps;2;30.09.2026;
1008;126171557;Świętojańska;57;;Żabka,Kosmetyczka,Okulista;;Mieszkaniowa Wielorodzinna;6;;1930;Modernizm;3;;;google.com/maps;2;30.09.2026;
1009;260800955;;;;;;;;;;;;;;google.com/maps;;;
1010;126337107;Franciszka Żwirki i Stanisława Wigury;3;;Kosmetyczka, Centrum Medyczne;;Mieszkaniowa Wielorodzinna;6;;1930;Modernizm;2;;;google.com/maps;2;30.09.2026;
1011;125988087;Władysława IV;50;;Centrum Medyczne,Apteka;;Mieszkaniowa Wielorodzinna;10;;1980;Współczesność;2;;;google.com/maps;2;27.09.2026;
1012;205231752;;;;;;;;;;;;;;google.com/maps;;;
1013;126337104;Franciszka Żwirki i Stanisława Wigury;1;;Mieszkaniowa Wielorodzinna;;Mieszkaniowa Wielorodzinna;5;;1950;Modernizm;2;;;google.com/maps;2;30.09.2026;
1014;126171651;Świętojańska;72;;Bistro,Usługi Telko;;Mieszkaniowa Wielorodzinna;4;;1930;Modernizm;2;;;google.com/maps;2;29.09.2026;
1015;126261956;Antoniego Abrahama;66;;Apteka;;Mieszkaniowa Wielorodzinna;6;;1940;Modernizm;2;;;google.com/maps;2;30.09.2026;
1016;126171645;Świętojańska;59;;Handel Odzież,Fryzjer,Bar;;Mieszkaniowa Wielorodzinna;6;;1930;Artdeco;2;;;google.com/maps;2;30.09.2026;
1017;260676319;;;;Garaż;;;1;;1980;Współczesność;2;;;google.com/maps;3;27.09.2026;
1018;205231747;;;;Garaż;;;1;;1980;Nowożytnośc;2;;;google.com/maps;3;30.09.2026;
1019;954605690;;;;Garaż;;;1;;1980;Współczesność;2;;;google.com/maps;3;29.09.2026;
1020;170778133;Antoniego Abrahama;61;;Pub,Usługi Praca;;Mieszkaniowa Wielorodzinna;5;;2020;Współczesność;3;;;google.com/maps;2;29.09.2026;
1021;205231772;Świętojańska;59;;Bar;;;1;;1930;Modernizm;2;;;google.com/maps;2;30.09.2026;
1022;126171652;Świętojańska;74;;Usługi Telko;;Mieszkaniowa Wielorodzinna;6;;1930;Klasycyzm;2;;;google.com/maps;2;29.09.2026;
1023;260800545;Świętojańska;61;;Restauracja;;;1;;2000;Współczesność;2;;;google.com/maps;2;30.09.2026;
1024;126261955;Antoniego Abrahama;68;;Restauracja;;Mieszkaniowa Wielorodzinna;6;;1940;Modernizm;2;;;google.com/maps;2;30.09.2026;
1025;125988084;Juliusza Słowackiego;28;;Mieszkaniowa Wielorodzinna;;Mieszkaniowa Wielorodzinna;4;;1930;Modernizm;1;;;google.com/maps;2;30.09.2026;
1026;260800530;;;;;;;;;;;;;;google.com/maps;;;
1027;260800519;Świętojańska;61;;Nieużytek,Restauracja;;Mieszkaniowa Wielorodzinna;6;;1930;Modernizm;3;;;google.com/maps;2;30.09.2026;
1028;205231756;;;;Garaż;;;1;;1980;Nowożytnośc;2;;;google.com/maps;3;30.09.2026;
1029;260676358;;;;Garaż;;;1;;1980;Współczesność;2;;;google.com/maps;3;27.09.2026;
1030;260676332;Władysława IV;50;;Mieszkaniowa Wielorodzinna;;Mieszkaniowa Wielorodzinna;10;;1980;Współczesność;2;;;google.com/maps;2;27.09.2026;
1031;954605689;;;;Garaż;;;1;;1980;Współczesność;2;;;google.com/maps;3;29.09.2026;
1032;260800943;Świętojańska;76;;Piekarnia,Handel Formy Ciasta;;Mieszkaniowa Wielorodzinna;6;;1930;Modernizm;3;;;google.com/maps;2;29.09.2026;
1033;126261954;Antoniego Abrahama;70;;Restauracja;;Mieszkaniowa Wielorodzinna;6;;1940;Modernizm;2;;;google.com/maps;2;30.09.2026;
1034;126325524;Juliusza Słowackiego;30;;Mieszkaniowa Wielorodzinna;;Mieszkaniowa Wielorodzinna;4;;1950;Modernizm;2;;;google.com/maps;2;30.09.2026;
1035;260676188;;;;Garaż;;;1;;1980;Nowożytnośc;2;;;google.com/maps;3;27.09.2026;
1036;126171647;Świętojańska;63;;Krawiec,Kosmetyczka,Fryzjer,Pub;;Mieszkaniowa Wielorodzinna;6;;1930;Modernizm;3;;;google.com/maps;2;30.09.2026;
1037;126171653;Świętojańska;78;;Dentysta,Galeria Sztuki,Nieużytek;;;6;;1930;Modernizm;1;;;google.com/maps;2;29.09.2026;
1038;126325523;Juliusza Słowackiego;32;;Mieszkaniowa Wielorodzinna;;Mieszkaniowa Wielorodzinna;4;;1950;Modernizm;2;;;google.com/maps;2;30.09.2026;
1039;260800532;;;;Garaż;;;1;;1980;Nowożytnośc;2;;;google.com/maps;3;30.09.2026;
1040;205231787;;;;Garaż;;;1;;1980;Nowożytnośc;2;;;google.com/maps;3;30.09.2026;
1041;126261952;Jana Kilińskiego;16;;Biuro Obsługi Klienta zkm;;Mieszkaniowa Wielorodzinna;6;;1940;Modernizm;2;;;google.com/maps;2;30.09.2026;
1042;126171649;Świętojańska;65;;Cukiernia,Kosmetyczka,Pizzeria,Szklarz;;Mieszkaniowa Wielorodzinna;5;;1930;Klasycyzm;2;;;google.com/maps;2;30.09.2026;
1043;205231763;;;;Garaż;;;1;;1980;Nowożytnośc;2;;;google.com/maps;3;30.09.2026;
1044;183271690;Antoniego Abrahama;72;;Pustka;;Mieszkaniowa Wielorodzinna;6;;1940;Modernizm;3;;;google.com/maps;2;30.09.2026;
1045;126106121;Jana Kilińskiego;14C;;Mieszkaniowa Wielorodzinna;;Mieszkaniowa Wielorodzinna;6;;1940;Modernizm;3;;;google.com/maps;2;29.09.2026;
1046;126106140;Władysława IV;52;;Przedszkole;;;1;;1980;Współczesność;3;;;google.com/maps;2;27.09.2026;
1047;205231739;;;;Garaż;;;1;;1980;Nowożytnośc;2;;;google.com/maps;3;30.09.2026;
1048;126171686;Świętojańska;78a;;Kawiarnia;;Mieszkaniowa Wielorodzinna;6;;1930;Modernizm;2;;;google.com/maps;2;29.09.2026;
1049;126336948;Jana Kilińskiego;14B;;Mieszkaniowa Wielorodzinna;;Mieszkaniowa Wielorodzinna;6;;1940;Modernizm;2;;;google.com/maps;2;29.09.2026;
1050;205231765;;;;Garaż;;;1;;1980;Nowożytnośc;2;;;google.com/maps;3;30.09.2026;
1051;126325522;Juliusza Słowackiego;34;;Mieszkaniowa Wielorodzinna;;Mieszkaniowa Wielorodzinna;4;;1950;Modernizm;2;;;google.com/maps;2;30.09.2026;
1052;126336947;Jana Kilińskiego;14A;;Usługi Uroda,Usługi Szkoła Jazdy;;Mieszkaniowa Wielorodzinna;6;;1940;Modernizm;2;;;google.com/maps;2;29.09.2026;
1053;125961571;Świętojańska;67;;Hostel;;Hostel;6;;1930;Modernizm;2;;;google.com/maps;2;30.09.2026;
1054;126336943;Jana Kilińskiego;12;;Kawiarnia,Usługi Fotograf;;Mieszkaniowa Wielorodzinna;6;;1930;Modernizm;2;;;google.com/maps;2;29.09.2026;
1055;205231769;;;;Garaż;;;1;;1980;Nowożytnośc;2;;;google.com/maps;3;30.09.2026;
1056;205231735;;;;Handel Odzież;;;1;;1950;Modernizm;2;;;google.com/maps;2;30.09.2026;
1057;205231773;;;;Garaż;;;1;;1980;Nowożytnośc;2;;;google.com/maps;3;30.09.2026;
1058;260800810;;;;;;;;;;;;;;google.com/maps;;;
1059;260800626;;;;;;;;;;;;;;google.com/maps;;;
1060;126106120;Jana Kilińskiego;10;;Centrum Medyczne,Restauracja,Fryzjer;;Hostel;6;;1930;Modernizm;2;;;google.com/maps;2;30.09.2026;
1061;406596576;Jana Kilińskiego;2;;Mieszkaniowa Wielorodzinna;;Mieszkaniowa Wielorodzinna;4;;1950;Modernizm;3;;;google.com/maps;2;30.09.2026;
1062;126336955;Jana Kilińskiego;8;;Warzywniak,Handel Odzież;;Mieszkaniowa Wielorodzinna;5;;1950;Modernizm;2;;;google.com/maps;2;30.09.2026;
1063;126106143;Antoniego Abrahama;74;;Handel Ubrania;;Mieszkaniowa Wielorodzinna;6;;1940;Modernizm;2;;;google.com/maps;2;30.09.2026;
1064;126336954;Jana Kilińskiego;6;;Przedszkole;;Mieszkaniowa Wielorodzinna;5;;1950;Modernizm;2;;;google.com/maps;2;30.09.2026;
1065;126336952;Jana Kilińskiego;4;;Mieszkaniowa Wielorodzinna;;Mieszkaniowa Wielorodzinna;4;;1950;Modernizm;3;;;google.com/maps;2;30.09.2026;
1066;126336944;Jana Kilińskiego;13;;Cukiernia;;Mieszkaniowa Wielorodzinna;6;;1930;Modernizm;2;;;google.com/maps;2;29.09.2026;
1067;260676105;;;;;;;;;;;;;;google.com/maps;;;
1068;260676034;;;;;;;;;;;;;;google.com/maps;;;
1069;260676181;;;;;;;;;;;;;;google.com/maps;;;
1070;126336945;Jana Kilińskiego;9;;Kawiarnia,Pub;;Mieszkaniowa Wielorodzinna;6;;1930;Modernizm;3;;;google.com/maps;2;30.09.2026;
1071;260676164;;;;;;;;;;;;;;google.com/maps;;;
1072;260676225;;;;;;;;;;;;;;google.com/maps;;;
1073;205166106;Jana Kilińskiego;9;;Pub;;;1;;1930;Modernizm;3;;;google.com/maps;2;30.09.2026;
1074;126261971;Władysława IV;41;;Handel Ubrania,Usługi Pralnia,Handel Detektywistyczny;;Mieszkaniowa Wielorodzinna;6;;1940;Modernizm;2;;;google.com/maps;2;30.09.2026;
1075;126336950;Jana Kilińskiego;7;;Mieszkaniowa Wielorodzinna;;Mieszkaniowa Wielorodzinna;5;;1940;Modernizm;2;;;google.com/maps;2;30.09.2026;
1076;125910046;Świętojańska;69;;Kawiarnia,Restauracja;;Mieszkaniowa Wielorodzinna;5;;1930;Modernizm;2;;;google.com/maps;2;30.09.2026;
1077;260676024;;;;;;;;;;;;;;google.com/maps;;;
1078;125910043;Świętojańska;82;;Kantor,Restauracja,Fryzjer,Paczkomaty;;Mieszkaniowa Wielorodzinna;6;;1930;Modernizm;2;;;google.com/maps;2;29.09.2026;
1079;205231753;;;;Garaż;;;1;;1980;Współczesność;2;;;google.com/maps;3;30.09.2026;
1080;260676221;;;;;;;;;;;;;;google.com/maps;;;
1081;260676373;Świętojańska;69;;Restauracja;;;1;;1930;Modernizm;2;;;google.com/maps;2;30.09.2026;
1082;260676039;;;;;;;;;;;;;;google.com/maps;;;
1083;205231785;;;;Garaż;;;1;;1980;Współczesność;2;;;google.com/maps;3;30.09.2026;
1084;260676045;;;;;;;;;;;;;;google.com/maps;;;
1085;260676387;;;;Techniczna;;;1;;1980;Współczesność;2;;;google.com/maps;2;30.09.2026;
1086;126171788;Świętojańska;71;;Lodziarnia,Handel Okulary;;Mieszkaniowa Wielorodzinna;6;;1930;Modernizm;3;;;google.com/maps;2;30.09.2026;
1087;205231792;;;;;;;;;;;;;;google.com/maps;;;
1088;126171777;Świętojańska;84;;Handel Zdrowie,Handel Militarne;;Mieszkaniowa Wielorodzinna;6;;1930;Modernizm;3;;;google.com/maps;2;29.09.2026;
1089;126173591;Generała Józefa Bema;4;;Mieszkaniowa Wielorodzinna;;Mieszkaniowa Wielorodzinna;4;;1940;Modernizm;3;;;google.com/maps;2;30.09.2026;
1090;260676403;Świętojańska;71;;Lodziarnia;;;1;;1930;Modernizm;3;;;google.com/maps;2;30.09.2026;
1091;126336942;Antoniego Abrahama;71;;Mieszkaniowa Wielorodzinna;;Mieszkaniowa Wielorodzinna;7;;1950;Modernizm;2;;;google.com/maps;2;30.09.2026;
1092;205166103;;;;;;;;;;;;;;google.com/maps;;;
1093;126171787;Świętojańska;73;;Okulista;;Mieszkaniowa Wielorodzinna;6;;1930;Modernizm;2;;;google.com/maps;2;30.09.2026;
1094;205231794;;;;Garaż;;;1;;1980;Nowożytnośc;2;;;google.com/maps;3;30.09.2026;
1095;126173590;Generała Józefa Bema;6;;Handel Nieruchomości;;Mieszkaniowa Wielorodzinna;5;;1940;Modernizm;2;;;google.com/maps;2;30.09.2026;
1096;126171776;Świętojańska;86;;Usługi Tatuaże,Serwis GSM;;Mieszkaniowa Wielorodzinna;6;;1930;Modernizm;2;;;google.com/maps;2;29.09.2026;
1097;126106146;Antoniego Abrahama;73;;Garaż;;;1;;1980;Nowożytnośc;2;;;google.com/maps;3;30.09.2026;
1098;260676095;;;;;;;;;;;;;;google.com/maps;;;
1099;126106142;Władysława IV;54;;Liceum;;Liceum;2;;1950;Modernizm;3;;;google.com/maps;3;27.09.2026;
1100;205231764;;;;Garaż;;;1;;1980;Współczesność;2;;;google.com/maps;3;30.09.2026;
1101;260675997;Świętojańska;75;;Bank,Księgarnia;;Biurowa;6;;1930;Modernizm;2;;;google.com/maps;2;30.09.2026;
1102;126171775;Świętojańska;88;;Apteka,Nieużytek;;Mieszkaniowa Wielorodzinna;5;;1930;Modernizm;2;;;google.com/maps;2;29.09.2026;
1103;126261969;Władysława IV;42-43;;Handel Meble,Restauracja;;Mieszkaniowa Wielorodzinna;5;;1940;Modernizm;2;;;google.com/maps;2;30.09.2026;
1104;260676248;;;;;;;;;;;;;;google.com/maps;;;
1105;126106118;Generała Józefa Bema;8;;Mieszkaniowa Wielorodzinna;;Mieszkaniowa Wielorodzinna;5;;1940;Modernizm;3;;;google.com/maps;2;30.09.2026;
1106;260676021;;;;;;;;;;;;;;google.com/maps;;;
1107;126336938;;;;Garaż;;;1;;1980;Współczesność;2;;;google.com/maps;3;30.09.2026;
1108;260676336;;;;;;;;;;;;;;google.com/maps;;;
1109;260676337;;;;;;;;;;;;;;google.com/maps;;;
1110;205231775;;;;Garaż;;;1;;1980;Współczesność;2;;;google.com/maps;3;30.09.2026;
1111;126171786;Świętojańska;77;;Handel Ubrania;;Mieszkaniowa Wielorodzinna;6;;1930;Modernizm;2;;;google.com/maps;2;30.09.2026;
1112;260676058;;;;;;;;;;;;;;google.com/maps;;;
1113;126171774;Świętojańska;90;;Serwis GSM,Handel Sztuka;;Mieszkaniowa Wielorodzinna;5;;1930;Modernizm;2;;;google.com/maps;2;29.09.2026;
1114;260676200;;;;;;;;;;;;;;google.com/maps;;;
1115;126173594;Generała Józefa Bema;10;;Usługi Kosmetyczne,Usługi Psycholog;;Mieszkaniowa Wielorodzinna;5;;1950;Modernizm;2;;;google.com/maps;2;30.09.2026;
1116;260676239;;;;;;;;;;;;;;google.com/maps;;;
1117;260676103;;;;;;;;;;;;;;google.com/maps;;;
1118;260676289;;;;;;;;;;;;;;google.com/maps;;;
1119;126171785;Świętojańska;79;;Usłigi Uroda,Kwiaciarnia,Usługi Nieruchomości,Żabka;;Mieszkaniowa Wielorodzinna;6;;1930;Modernizm;2;;;google.com/maps;2;30.09.2026;
1120;260676229;;;;;;;;;;;;;;google.com/maps;;;
1121;126173593;Generała Józefa Bema;12;;Nieużytek,Handel Muzyczny;;Mieszkaniowa Wielorodzinna;5;;1940;Modernizm;1;;;google.com/maps;2;30.09.2026;
1122;260676109;;;;;;;;;;;;;;google.com/maps;;;
1123;126171771;Świętojańska;92-94;;Restauracja;;Mieszkaniowa Wielorodzinna;5;;1930;Modernizm;2;;;google.com/maps;2;29.09.2026;
1124;260676068;;;;;;;;;;;;;;google.com/maps;;;
1125;260676074;;;;;;;;;;;;;;google.com/maps;;;
1126;126171784;Świętojańska;81;;Barber,Bar;;Mieszkaniowa Wielorodzinna;5;;1930;Modernizm;2;;;google.com/maps;2;30.09.2026;
1127;260676113;;;;;;;;;;;;;;google.com/maps;;;
1128;205166094;Świętojańska;81;;Barber;;;1;;1930;Modernizm;2;;;google.com/maps;2;30.09.2026;
1129;126173592;Generała Józefa Bema;14;;Mieszkaniowa Wielorodzinna;;Mieszkaniowa Wielorodzinna;5;;1940;Modernizm;2;;;google.com/maps;2;30.09.2026;
1130;126336940;Władysława IV;43;;Usługi Nieruchomości;;Biurowa;7;;2000;Współczesność;3;;;google.com/maps;3;30.09.2026;
1131;260676407;;;;;;;;;;;;;;google.com/maps;;;
1132;260675981;;;;;;;;;;;;;;google.com/maps;;;
1133;260675999;Świętojańska;83;;Handel Epapierosy,Fryzjer,Usługi Uroda;;Mieszkaniowa Wielorodzinna;5;;1930;Modernizm;2;;;google.com/maps;2;30.09.2026;
1134;260676417;;;;;;;;;;;;;;google.com/maps;;;
1135;260676267;;;;;;;;;;;;;;google.com/maps;;;
1136;260676383;Świętojańska;83;;Pustka;;Mieszkaniowa Wielorodzinna;5;;1930;Modernizm;2;;;google.com/maps;2;30.09.2026;
1137;260676414;;;;Techniczne;;;1;;1980;Nowożytność;2;;;google.com/maps;2;27.09.2026;
1138;260676276;;;;;;;;;;;;;;google.com/maps;;;
1139;126171770;Świętojańska;96;;Żabka,Handel Ubrania,Usługi GSM;;Mieszkaniowa Wielorodzinna;6;;1930;Modernizm;2;;;google.com/maps;2;30.09.2026;
1140;260675932;;;;;;;;;;;;;;google.com/maps;;;
1141;260676413;;;;;;;;;;;;;;google.com/maps;;;
1142;205166095;;;;;;;;;;;;;;google.com/maps;;;
1143;126171783;Świętojańska;83a;;Restauracja,Usługi Uroda;;Mieszkaniowa Wielorodzinna;5;;1930;Modernizm;2;;;google.com/maps;2;30.09.2026;
1144;126336939;Antoniego Abrahama;83;;Kawiarnia,Fryzjer;;Mieszkaniowa Wielorodzinna;6;;1940;Modernizm;2;;;google.com/maps;2;30.09.2026;
1145;260676382;;;;;;;;;;;;;;google.com/maps;;;
1146;1258441205;;;;;;;;;;;;;;google.com/maps;;;
1147;126171769;Świętojańska;98;;Bar,Handel Zdrowie,Pasmanteria;;Mieszkaniowa Wielorodzinna;6;;1930;Klasycyzm;2;;;google.com/maps;2;30.09.2026;
1148;126171782;Świętojańska;85;;Restauracja;;Hostel;4;;1930;Modernizm;2;;;google.com/maps;2;30.09.2026;
1149;260676050;;;;Techniczne;;;1;;1980;Współczesność;2;;;google.com/maps;2;27.09.2026;
1150;205231795;;;;;;;;;;;;;;google.com/maps;;;
1151;126261965;Władysława IV;56;;Przedszkole;;Przedszkole;2;;1950;Modernizm;2;;;google.com/maps;2;27.09.2026;
1152;126106117;Generała Józefa Bema;16;;Centrum Medyczne;;Mieszkaniowa Wielorodzinna;5;;1940;Modernizm;2;;;google.com/maps;2;30.09.2026;
1153;205231770;Świętojańska;100E;;Siłownia;;;1;;1950;Modernizm;2;;;google.com/maps;2;30.09.2026;
1154;260676228;;;;;;;;;;;;;;google.com/maps;;;
1155;260676241;;;;;;;;;;;;;;google.com/maps;;;
1156;126171768;Świętojańska;100;;Lombard,Usługi Krawcowa,Ubezpieczenia,kebab;;Mieszkaniowa Wielorodzinna;6;;1930;Modernizm;2;;;google.com/maps;2;30.09.2026;
1157;260676079;;;;;;;;;;;;;;google.com/maps;;;
1158;260676273;Świętojańska;87;;Restauracja,Kawiarnia,Bank;;Mieszkaniowa Wielorodzinna;6;;1930;Modernizm;3;;;google.com/maps;2;30.09.2026;
1159;126106145;Romualda Traugutta;2A;;Kawiarnia,Żłobek,Centrum Integracji;;Mieszkaniowa Wielorodzinna;6;;1940;Modernizm;2;;;google.com/maps;2;30.09.2026;
1160;260676018;;;;;;;;;;;;;;google.com/maps;;;
1161;126173597;Generała Józefa Bema;18;;Fryzjer,Centrum Medyczne;;Mieszkaniowa Wielorodzinna;5;;1940;Modernizm;2;;;google.com/maps;2;30.09.2026;
1162;260676401;;;;;;;;;;;;;;google.com/maps;;;
1163;260675972;;;;;;;;;;;;;;google.com/maps;;;
1164;260675987;;;;;;;;;;;;;;google.com/maps;;;
1165;126171779;Świętojańska;87;;Restauracja,Bank,Kawiarnia;;Mieszkaniowa Wielorodzinna;7;;1839;Modernizm;3;;;google.com/maps;2;30.09.2026;
1166;260676217;;;;;;;;;;;;;;google.com/maps;;;
1167;260676132;;;;;;;;;;;;;;google.com/maps;;;
1168;260676214;;;;;;;;;;;;;;google.com/maps;;;
1169;260676119;;;;;;;;;;;;;;google.com/maps;;;
1170;206566493;;;;Garaż;;;1;;1980;Współczesność;2;;;google.com/maps;3;27.09.2026;
1171;126173595;Generała Józefa Bema;20;;Mieszkaniowa Wielorodzinna;;Mieszkaniowa Wielorodzinna;5;;1940;Modernizm;1;;;google.com/maps;2;30.09.2026;
1172;126325417;Żołnierzy I Armii Wojska Polskiego;1;;Fryzjer,Restauracja;;Mieszkaniowa Wielorodzinna;6;;1950;Modernizm;3;;;google.com/maps;2;30.09.2026;
1173;260676162;;;;;;;;;;;;;;google.com/maps;;;
1174;126325518;Żołnierzy I Armii Wojska Polskiego;1A;;Cukiernia;;;1;;1980;Współczesność;2;;;google.com/maps;2;30.09.2026;
1175;260676032;;;;;;;;;;;;;;google.com/maps;;;
1176;206566485;Romualda Traugutta;9;Użyteczność publiczna;Przychodnia;;Przychodnia;3;;1980;Współczesność;2;;;google.com/maps;2;27.09.2026;
1177;260676007;Świętojańska;104;;Bank;;Mieszkaniowa Wielorodzinna;6;;1930;Modernizm;2;;;google.com/maps;2;30.09.2026;
1178;125910053;Władysława IV;47;;Laboratorium Zdrowie,Usługi Uroda;;;5;;1940;Modernizm;2;;;google.com/maps;2;30.09.2026;
1179;260676375;;;;;;;;;;;;;;google.com/maps;;;
1180;260676180;;;;;;;;;;;;;;google.com/maps;;;
1181;260676197;;;;;;;;;;;;;;google.com/maps;;;
1182;260676203;;;;;;;;;;;;;;google.com/maps;;;
1183;260676235;;;;;;;;;;;;;;google.com/maps;;;
1184;260676245;;;;;;;;;;;;;;google.com/maps;;;
1185;125910051;Świętojańska;89;;Nieużytek,Restauracja,Handel Medyczny;;Mieszkaniowa Wielorodzinna;6;;1930;Modernizm;2;;;google.com/maps;2;30.09.2026;
1186;126325416;Żołnierzy I Armii Wojska Polskiego;4;;Centrum Medyczne;;Mieszkaniowa Wielorodzinna;7;;1950;Modernizm;2;;;google.com/maps;2;30.09.2026;
1187;260676321;;;;;;;;;;;;;;google.com/maps;;;
1188;125910052;Świętojańska;104A;;Masaż,Handel Ubrania;;Mieszkaniowa Wielorodzinna;6;;1930;Modernizm;2;;;google.com/maps;2;30.09.2026;
1189;260676351;;;;;;;;;;;;;;google.com/maps;;;
1190;260676343;;;;;;;;;;;;;;google.com/maps;;;
1191;260676338;;;;;;;;;;;;;;google.com/maps;;;
1192;260676175;;;;;;;;;;;;;;google.com/maps;;;
1193;205167462;;;;;;;;;;;;;;google.com/maps;;;
1194;126106144;Władysława IV;58;;Liceum;;Liczuem;3;;1950;Modernizm;3;;;google.com/maps;2;27.09.2026;
1195;260676137;;;;Techniczna;;;1;;1980;Współczesność;1;;;google.com/maps;2;27.09.2026;
1196;126173502;Świętojańska;91;;Usługi Pogrzebowe,Fryzjer;;Mieszkaniowa Wielorodzinna;5;;1950;Modernizm;2;;;google.com/maps;2;30.09.2026;
1197;126173512;Świętojańska;106;;Handel Ubrania,Handel Zdrowie;;Mieszkaniowa Wielorodzinna;6;;1930;Modernizm;2;;;google.com/maps;2;30.09.2026;
1198;125910050;Generała Józefa Bema;22/24;;Biedronka;;;2;;1980;Współczesność;3;;;google.com/maps;3;30.09.2026;
1199;126261976;Władysława IV;49;;Restauracja,Kancelaria Prawnicza;;Mieszkaniowa Wielorodzinna;7;;1940;Modernizm;2;;;google.com/maps;2;30.09.2026;
1200;126173501;Świętojańska;93;;Nieużytek,Restauracja;;Mieszkaniowa Wielorodzinna;5;;1930;Modernizm;2;;;google.com/maps;2;30.09.2026;
1201;126173511;Świętojańska;108;;Restauracja,Nieużytek;;Mieszkaniowa Wielorodzinna;6;;1930;Modernizm;2;;;google.com/maps;2;30.09.2026;
1202;260676001;Świętojańska;95;;Restauracja;;Mieszkaniowa Wielorodzinna;6;;1930;Modernizm;2;;;google.com/maps;2;30.09.2026;
1203;126261975;Władysława IV;51;;Stoważyszenie,Usługi Masaż;;Mieszkaniowa Wielorodzinna;6;;1940;Modernizm;2;;;google.com/maps;2;30.09.2026;
1204;126173509;Świętojańska;112-110;;Rossman,Handel Meble,Usługi Nieruchomości;;Mieszkaniowa Wielorodzinna;8;;1930;Modernizm;3;;;google.com/maps;2;30.09.2026;
1205;126173500;Świętojańska;97;;GSM,Handel Ceramika,Bar;;Mieszkaniowa Wielorodzinna;6;;1930;Modernizm;2;;;google.com/maps;2;30.09.2026;
1206;126180358;Generała Józefa Bema;26;Użyteczność publiczna;Teatr;;Teatr;2;;1960;Modernizm;3;;;google.com/maps;3;30.09.2026;
1207;126173499;Świętojańska;99;;Restauracja,Usługi Tatuaż;;Mieszkaniowa Wielorodzinna;6;;1930;Modernizm;2;;;google.com/maps;2;30.09.2026;
1208;260676176;;;;;;;;;;;;;;google.com/maps;;;
1209;126261972;Władysława IV;53;;Handel Meble,Żabka;;Mieszkaniowa Wielorodzinna;7;;1940;Modernizm;2;;;google.com/maps;2;30.09.2026;
1210;260676124;;;;;;;;;;;;;;google.com/maps;;;
1211;260676130;;;;;;;;;;;;;;google.com/maps;;;
1212;126173508;Świętojańska;114;;Sklep Monopolowy,Bank;;Mieszkaniowa Wielorodzinna;6;;1930;Modernizm;2;;;google.com/maps;2;30.09.2026;
1213;260676151;;;;;;;;;;;;;;google.com/maps;;;
1214;184220491;;;;Techniczna;;;1;;1980;Współczesność;2;;;google.com/maps;2;30.09.2026;
1215;126173498;Świętojańska;101;;Handel Meble,Nieużytek;;Mieszkaniowa Wielorodzinna;6;;1930;Modernizm;2;;;google.com/maps;2;30.09.2026;
1216;260676131;;;;;;;;;;;;;;google.com/maps;;;
1217;260676255;;;;;;;;;;;;;;google.com/maps;;;
1218;260676212;;;;;;;;;;;;;;google.com/maps;;;
1219;206642061;Świętojańska;101;;Handel Meble;;;1;;1940;Modernizm;2;;;google.com/maps;2;30.09.2026;
1220;184220490;;;;Garaż;;;1;;1980;Współczesność;2;;;google.com/maps;3;30.09.2026;
1221;126173507;Świętojańska;116;;Kawiarnia,Handel Kuchenne;;Mieszkaniowa Wielorodzinna;6;;1930;Modernizm;2;;;google.com/maps;2;30.09.2026;
1222;260675918;Świętojańska;103;;Żabka;;Mieszkaniowa Wielorodzinna;6;;1930;Modernizm;3;;;google.com/maps;2;30.09.2026;
1223;184220494;Świętojańska;118A;;Cukiernia;;;1;;1950;Modernizm;2;;;google.com/maps;2;30.09.2026;
1224;184220493;Władysława IV;57;;Dentysta;;Dentysta,Kancelaria Adwokacka;4;;1980;Współczesność;3;;;google.com/maps;2;30.09.2026;
1225;184220492;Władysława IV;57A;;Usługi Pralnia,Usługi Kredyty;;;1;;1980;Współczesność;2;;;google.com/maps;2;30.09.2026;
1226;126173497;Świętojańska;105;;Kwiaciarnia,Usługi Podróże,Nieużytek;;Mieszkaniowa Wielorodzinna;6;;1930;Modernizm;2;;;google.com/maps;2;30.09.2026;
1227;126173506;Świętojańska;118;;Usługi Pocztowe,Kwiaciarnia,Handel ubrania;;Biurowa;6;;1930;Modernizm;2;;;google.com/maps;2;30.09.2026;
1228;260676172;;;;Garaż;;;1;;1980;Współczesność;2;;;google.com/maps;3;30.09.2026;
1229;205167464;;;;Garaż;;;1;;1980;Współczesność;2;;;google.com/maps;3;30.09.2026;
1230;205167466;;;;Garaż;;;1;;1980;Współczesność;2;;;google.com/maps;3;30.09.2026;
1231;205167467;;;;Garaż;;;1;;1980;Współczesność;2;;;google.com/maps;3;30.09.2026;
1232;125910054;Władysława IV;59;;Restauracja;;Siłownia,Centrum Medyczne,Biurowa;7;;1940;Modernizm;2;;;google.com/maps;2;30.09.2026;
1233;126173496;Świętojańska;107;;Kawiarnia,Cukiernia,Usługi Podróże;;Mieszkaniowa Wielorodzinna;6;;1930;Modernizm;2;;;google.com/maps;2;30.09.2026;
1234;126173505;Świętojańska;120;;Żabka,Handel Odzież,Handel Epapierosy;;Mieszkaniowa Wielorodzinna;6;;1930;Modernizm;2;;;google.com/maps;2;30.09.2026;
1235;260675994;Władysława IV;59;;Pustka;;Siłownia,Centrum Medyczne,Biurowa;7;;1930;Modernizm;2;;;google.com/maps;2;30.09.2026;
1236;205167460;;;;Techniczna;;;1;;1980;Współczesność;2;;;google.com/maps;2;30.09.2026;
1237;126180359;Władysława IV;61;;Laboratorium Medyczne,Piekarnia,Kiosk;;Mieszkaniowa Wielorodzinna;7;;1940;Modernizm;3;;;google.com/maps;2;30.09.2026;
1238;126173503;Świętojańska;122;;Apteka,Handel Zdrowie;;Biurowa;6;;1930;Modernizm;2;;;google.com/maps;2;30.09.2026;
1239;260676369;Aleja Marszałka Józefa Piłsudskiego;56;;Mieszkaniowa Wielorodzinna;;Mieszkaniowa Wielorodzinna;7;;1930;Modernizm;2;;;google.com/maps;2;30.09.2026;
1240;206252838;Aleja Marszałka Józefa Piłsudskiego;56;;Restauracja;;Mieszkaniowa Wielorodzinna;7;;1930;Modernizm;2;;;google.com/maps;2;30.09.2026;
1241;125912675;Aleja Marszałka Józefa Piłsudskiego;52/54;Użyteczność publiczna;Urząd Miasta;;Urząd Miasta;5;;1930;Modernizm;3;;;google.com/maps;3;30.09.2026;
